index,video_id,label,source,raw_ocr,video_title,url,thumb_file
1,Q92XMo8tX14,명문대 나와도 불행한 이유,manual_visual_corrected,ide BACF 명문대나와도 SA wy 불행한이유 000.,명문대 나와도 불행한 이유,https://www.youtube.com/watch?v=Q92XMo8tX14,artifacts/bzcf_thumbnails/thumbs/001_명문대 나와도 불행한 이유.jpg
2,4qgkk-gVolg,실리콘밸리 대물의 생각,manual_visual_corrected,"세 71 [| 1; 007 mw 이 0, 실리콘밸리 ‘oe N= 0] ANZ} Pe Chel 82 5",실리콘밸리 대물의 생각,https://www.youtube.com/watch?v=4qgkk-gVolg,artifacts/bzcf_thumbnails/thumbs/002_실리콘밸리 대물의 생각.jpg
3,LOgOClpa59w,애플 대표는 역시 다르다,ocr_confirmed_title_cleaned,bic 4 a: BZCF 8 에 q on 시 애플 CHEE pap 때 역시 다르다 0 0,애플 대표는 역시 다르다,https://www.youtube.com/watch?v=LOgOClpa59w,artifacts/bzcf_thumbnails/thumbs/003_애플 대표는 역시 다르다.jpg
4,TR__iP-x3Kk,AI? 사람 더 뽑는다 (듀오링고),ocr_confirmed_title_cleaned,eee 7 3 ae a a 가: hc P “g a wer. 은 시때문에 xe 사람 더 뽑는다 in 0,AI? 사람 더 뽑는다 (듀오링고),https://www.youtube.com/watch?v=TR__iP-x3Kk,artifacts/bzcf_thumbnails/thumbs/004_AI 사람 더 뽑는다 (듀오링고).jpg
5,bsrvNVzaYrU,워렌버핏 주주총회 인터뷰 전체번역 (최신),ocr_confirmed_title_cleaned,JIN FINUR. 그 워렌버핏어제인터뷰불 2 연 전체번역,워렌버핏 주주총회 인터뷰 전체번역 (최신),https://www.youtube.com/watch?v=bsrvNVzaYrU,artifacts/bzcf_thumbnails/thumbs/005_워렌버핏 주주총회 인터뷰 전체번역 (최신).jpg
6,-E9chn_gtfY,코딩 한줄도 안했음 ㅠㅠ (안드레 카파시),ocr_confirmed_title_cleaned,안드레 카파시 2s “dj 나도개발안해 Ym,코딩 한줄도 안했음 ㅠㅠ (안드레 카파시),https://www.youtube.com/watch?v=-E9chn_gtfY,artifacts/bzcf_thumbnails/thumbs/006_코딩 한줄도 안했음 ㅠㅠ (안드레 카파시).jpg
7,22rHtB98pd0,어짜피 한번인데 맘대로 사세요 제발로,title_fallback_ocr_noisy,후 BZCF 어짜피 인생 ore 제발 제발 BALAI,어짜피 한번인데 맘대로 사세요 제발로,https://www.youtube.com/watch?v=22rHtB98pd0,artifacts/bzcf_thumbnails/thumbs/007_어짜피 한번인데 맘대로 사세요 제발로.jpg
8,04EO9Qqi_Wk,Artificial intelligence is stupid! It's stupid! (Yan LeCun),title_fallback_ocr_noisy,Ba BUF 언어모델은 때 한계가 명확해 개,Artificial intelligence is stupid! It's stupid! (Yan LeCun),https://www.youtube.com/watch?v=04EO9Qqi_Wk,artifacts/bzcf_thumbnails/thumbs/008_Artificial intelligence is stupid! It's stupid! (Yan LeCun).jpg
9,mxxf_o_jrPk,"'정답, 찍어줄게' (데미스 하사비스)",ocr_confirmed_title_cleaned,“~ 열기 02: a rs Gof Jo Cie Ad ance 정답찍어줄게,"'정답, 찍어줄게' (데미스 하사비스)",https://www.youtube.com/watch?v=mxxf_o_jrPk,"artifacts/bzcf_thumbnails/thumbs/009_'정답, 찍어줄게' (데미스 하사비스).jpg"
10,cboYfv5PYDg,'눈이 떠지는 영상'  (로빈후드 CEO),ocr_confirmed_title_cleaned,"ace BZCF i a N i 눈이 떠지는 .샐 0” 영상입니다 ""< 영상입니다 J's 내버. 내 7 a",'눈이 떠지는 영상'  (로빈후드 CEO),https://www.youtube.com/watch?v=cboYfv5PYDg,artifacts/bzcf_thumbnails/thumbs/010_'눈이 떠지는 영상' (로빈후드 CEO).jpg
11,djCrbyyY7D0,Gaslighting that you can succeed if you try,title_fallback_ocr_noisy,Fy Y ea: 7 vod 해 (% 좀버리세요 좀버리세요,Gaslighting that you can succeed if you try,https://www.youtube.com/watch?v=djCrbyyY7D0,artifacts/bzcf_thumbnails/thumbs/011_Gaslighting that you can succeed if you try.jpg
12,3A67nkTR_50,미국 걱정 하지마라 (JP모건체이스 회장),title_fallback_ocr_noisy,미국걱정 hy ae ct a oralo 지 eI 2D,미국 걱정 하지마라 (JP모건체이스 회장),https://www.youtube.com/watch?v=3A67nkTR_50,artifacts/bzcf_thumbnails/thumbs/012_미국 걱정 하지마라 (JP모건체이스 회장).jpg
13,hD5wqxB9txc,"나 젠슨황, 미래가 보인다",title_fallback_ocr_noisy,"이티 이 구니 그 a 고 TTT 7 ee “ee 노크 도 1 cite 7 i a oo a 젠슨황,나는 =. _협 인다. i}","나 젠슨황, 미래가 보인다",https://www.youtube.com/watch?v=hD5wqxB9txc,"artifacts/bzcf_thumbnails/thumbs/013_나 젠슨황, 미래가 보인다.jpg"
14,2ymvyxlwrfc,"""사업 잘하는 사람은 이유가 있다"" (세콰이어 캐피탈)",title_fallback_ocr_noisy,BZCF A Agate ae Se,"""사업 잘하는 사람은 이유가 있다"" (세콰이어 캐피탈)",https://www.youtube.com/watch?v=2ymvyxlwrfc,artifacts/bzcf_thumbnails/thumbs/014_사업 잘하는 사람은 이유가 있다 (세콰이어 캐피탈).jpg
15,TlpFc7x8SHo,AI-native organization (Twitter founder Jack Dorsey),title_fallback_ocr_noisy,"02 Fas, Al-native 42° 4. 스타트업조직 an “ey",AI-native organization (Twitter founder Jack Dorsey),https://www.youtube.com/watch?v=TlpFc7x8SHo,artifacts/bzcf_thumbnails/thumbs/015_AI-native organization (Twitter founder Jack Dorsey).jpg
16,_Q35uHjJVzw,"""운명의 짝, 그런 거 없다."" (알랭드 보통)",ocr_confirmed_title_cleaned,1 운명의 짝? 그런 거 없다 7 dj,"""운명의 짝, 그런 거 없다."" (알랭드 보통)",https://www.youtube.com/watch?v=_Q35uHjJVzw,"artifacts/bzcf_thumbnails/thumbs/016_운명의 짝, 그런 거 없다. (알랭드 보통).jpg"
17,L7pMU7BwplY,High-level conversation (former Google representative),title_fallback_ocr_noisy,avr Toe seg rn 때 VV 고ㄴ ~~,High-level conversation (former Google representative),https://www.youtube.com/watch?v=L7pMU7BwplY,artifacts/bzcf_thumbnails/thumbs/017_High-level conversation (former Google representative).jpg
18,RNnN7qtVDM0,제발 필요한 일만 하세요,title_fallback_ocr_noisy,0 ae 82야 스스팽오트 회사 망하는 이유: __ 쓸데없는 일골라해서,제발 필요한 일만 하세요,https://www.youtube.com/watch?v=RNnN7qtVDM0,artifacts/bzcf_thumbnails/thumbs/018_제발 필요한 일만 하세요.jpg
19,KEsIXq6NG3o,"""잡생각 금지"" (엔비디아 젠슨 황)",ocr_confirmed_title_cleaned,"200 yy Ags x nm af 별 잡생각금지:… '."" .\ 1 일을합시다 _. a= 입 aia","""잡생각 금지"" (엔비디아 젠슨 황)",https://www.youtube.com/watch?v=KEsIXq6NG3o,artifacts/bzcf_thumbnails/thumbs/019_잡생각 금지 (엔비디아 젠슨 황).jpg
20,laj9Xpp9F1M,Korean Translation | Warren Buffett Official Interview After Retirement,title_fallback_ocr_noisy,y 저 0200 if are 4 ah 워렌버핏,Korean Translation | Warren Buffett Official Interview After Retirement,https://www.youtube.com/watch?v=laj9Xpp9F1M,artifacts/bzcf_thumbnails/thumbs/020_Korean Translation Warren Buffett Official Interview After Retirement.jpg
21,wA80QMgLMGg,살자 제발 맘대로 (짐 캐리),ocr_confirmed_title_cleaned,"hie a: aa al ee 2g t ¢t Fob 고 \\ 살자제발맘대로, ae ‘t gs 1g a Na ‘2 whey i. AY Y )앤",살자 제발 맘대로 (짐 캐리),https://www.youtube.com/watch?v=wA80QMgLMGg,artifacts/bzcf_thumbnails/thumbs/021_살자 제발 맘대로 (짐 캐리).jpg
22,QQXCPn-XfOY,"""중국을 객관적으로 보자"" (엔비디아 젠슨황)",title_fallback_ocr_noisy,a 때 고 개 가 ae (Met ba se are 4 대,"""중국을 객관적으로 보자"" (엔비디아 젠슨황)",https://www.youtube.com/watch?v=QQXCPn-XfOY,artifacts/bzcf_thumbnails/thumbs/022_중국을 객관적으로 보자 (엔비디아 젠슨황).jpg
23,YiHf4sVHays,"""그냥 엔비디아 사시면 됩니다""",ocr_confirmed_title_cleaned,"Zr 그냥엔비디아주식 해, 사시면 됩니다;","""그냥 엔비디아 사시면 됩니다""",https://www.youtube.com/watch?v=YiHf4sVHays,artifacts/bzcf_thumbnails/thumbs/023_그냥 엔비디아 사시면 됩니다.jpg
24,KnIA9c3ka_M,"피터틸, 안두릴, 그리고 은행",ocr_confirmed_title_cleaned,"송 ANDURIL BZCF 안두림 mee! ihe 그리고 은행, 왜? A W a","피터틸, 안두릴, 그리고 은행",https://www.youtube.com/watch?v=KnIA9c3ka_M,"artifacts/bzcf_thumbnails/thumbs/024_피터틸, 안두릴, 그리고 은행.jpg"
25,4jH_nFzt0Ng,"""호들갑 떨지마"" (하워드 막스)",ocr_confirmed_title_cleaned,"ys MeN -베 BZCF any ch ""기 호들갑 떨지마 Gey iit","""호들갑 떨지마"" (하워드 막스)",https://www.youtube.com/watch?v=4jH_nFzt0Ng,artifacts/bzcf_thumbnails/thumbs/025_호들갑 떨지마 (하워드 막스).jpg
26,KmLJRg-ajG0,"""개발은 이제 배우지마"" (앤트로픽 대표)",ocr_confirmed_title_cleaned,ip TE) 이제배우지마,"""개발은 이제 배우지마"" (앤트로픽 대표)",https://www.youtube.com/watch?v=KmLJRg-ajG0,artifacts/bzcf_thumbnails/thumbs/026_개발은 이제 배우지마 (앤트로픽 대표).jpg
27,FC_RA_7b-zU,"""핸드폰좀 그만 봐"" (타일러 더 크리에이터)",title_fallback_ocr_noisy,"F* 7 Woz oD ees s 2 고니 뭐좀해봐가!"" 시 NX Ne 7","""핸드폰좀 그만 봐"" (타일러 더 크리에이터)",https://www.youtube.com/watch?v=FC_RA_7b-zU,artifacts/bzcf_thumbnails/thumbs/027_핸드폰좀 그만 봐 (타일러 더 크리에이터).jpg
28,T8RD1OZ01Pw,"""일론에게 풀베팅 간다"" (테슬라 초기 투자자 론 바론)",title_fallback_ocr_noisy,20 y ~y ‘a a id 일론에게 열 『-ㅠ a! SUC} A gS 다※,"""일론에게 풀베팅 간다"" (테슬라 초기 투자자 론 바론)",https://www.youtube.com/watch?v=T8RD1OZ01Pw,artifacts/bzcf_thumbnails/thumbs/028_일론에게 풀베팅 간다 (테슬라 초기 투자자 론 바론).jpg
29,NrtrXIgX2E8,"""테슬라 반도체 만든다""",ocr_confirmed_title_cleaned,"글, 0 이 5 보스 이 토니 Fy glaeh A fame ®: oan bes 0 3 ie. 0: 2 As: yO, i ee Sy 이 직접 만든다 Ra 테슬라 반도체 a i MAR®","""테슬라 반도체 만든다""",https://www.youtube.com/watch?v=NrtrXIgX2E8,artifacts/bzcf_thumbnails/thumbs/029_테슬라 반도체 만든다.jpg
30,5Y431jwqTiU,반도체 이제 10% 왔다 (반도체 전설 짐켈러),ocr_confirmed_title_cleaned,"TNE, {| [20 =조 Cees .'… ee Eee ~~... ee a hi A Wie, eer cin tats 내 Vr /(' es Ke ed ae mews A ye 78 OM Be -T 1] ER Mii? tog Os Bye Ay wa A ee ve 1000 Siete th 7. Peco gO Be wes ae a ee Ce 나 vie 0 eee tee 00406. 이사오 t eee 개 00 See SoC ame meres 11 a: re yoAb oe sc RE 고 7 0111 개 agave Breet tty 반도체이제 0 rH ph. 10%정도 왔다 aa AA",반도체 이제 10% 왔다 (반도체 전설 짐켈러),https://www.youtube.com/watch?v=5Y431jwqTiU,artifacts/bzcf_thumbnails/thumbs/030_반도체 이제 10% 왔다 (반도체 전설 짐켈러).jpg
31,kJ1xwyAxcpQ,"""나는 봤어 미래를"" (일론 머스크)",title_fallback_ocr_noisy,"a A OO “AS 그 Fe el 4 i v 1 ae 이이 ‘| 는 Of 0 대지 별 L LL HOC ee: 4 oY 00 립 oe Soe je 0593 me pea eee Lore 2 a 1, we, x NN","""나는 봤어 미래를"" (일론 머스크)",https://www.youtube.com/watch?v=kJ1xwyAxcpQ,artifacts/bzcf_thumbnails/thumbs/031_나는 봤어 미래를 (일론 머스크).jpg
32,kUUJ1rnQwGs,"""그냥 테슬라 사세요"" (일론 머스크)",ocr_confirmed_title_cleaned,테슬라사세요 3.,"""그냥 테슬라 사세요"" (일론 머스크)",https://www.youtube.com/watch?v=kUUJ1rnQwGs,artifacts/bzcf_thumbnails/thumbs/032_그냥 테슬라 사세요 (일론 머스크).jpg
33,cVPV-iTvmYQ,"""인공지능은 쓰나미"" (앤트로픽 CEO 인터뷰)",title_fallback_ocr_noisy,4401 초연 인공지능쓰나미가 SN 더 골려온ㄷ i 0 그,"""인공지능은 쓰나미"" (앤트로픽 CEO 인터뷰)",https://www.youtube.com/watch?v=cVPV-iTvmYQ,artifacts/bzcf_thumbnails/thumbs/033_인공지능은 쓰나미 (앤트로픽 CEO 인터뷰).jpg
34,Gag2kz3C7_8,"""투자하시면 꼭 보세요"" (스탠리 드러켄밀러)",ocr_confirmed_title_cleaned,투자하시면,"""투자하시면 꼭 보세요"" (스탠리 드러켄밀러)",https://www.youtube.com/watch?v=Gag2kz3C7_8,artifacts/bzcf_thumbnails/thumbs/034_투자하시면 꼭 보세요 (스탠리 드러켄밀러).jpg
35,6CyopBiXtEI,"""I'm betting on you"" (Skin in the Game, Nassim Taleb)",title_fallback_ocr_noisy,개 열라 신 바인 켜 2 고 ee,"""I'm betting on you"" (Skin in the Game, Nassim Taleb)",https://www.youtube.com/watch?v=6CyopBiXtEI,"artifacts/bzcf_thumbnails/thumbs/035_I'm betting on you (Skin in the Game, Nassim Taleb).jpg"
36,AEZw0oEkfR0,"The ""Time Management"" of a 5 Trillion Won Company Founder",title_fallback_ocr_noisy,00 fee Doe Me egy UL 0099 5조회사창업자 Of 가느 시같쓰는 법,"The ""Time Management"" of a 5 Trillion Won Company Founder",https://www.youtube.com/watch?v=AEZw0oEkfR0,artifacts/bzcf_thumbnails/thumbs/036_The Time Management of a 5 Trillion Won Company Founder.jpg
37,0dlxRdbq-0Q,"""나에게 시간이 더 있다면""",ocr_confirmed_title_cleaned,"Oe 자지 이 구조 “ig gill Ne ‘pe 대 7 oF R pont: Bs. 7 ‘ae Wap a 7 2 CF 타는 시간이 “> Te 4 있다면 0, oo i fe, i i","""나에게 시간이 더 있다면""",https://www.youtube.com/watch?v=0dlxRdbq-0Q,artifacts/bzcf_thumbnails/thumbs/037_나에게 시간이 더 있다면.jpg
38,MI1uF10laRs,"""시대 흐름에 반하지 마"" (오픈클로 개발자)",title_fallback_ocr_noisy,대 고 =| 의 바하지 rol co 3 지마 a a 00,"""시대 흐름에 반하지 마"" (오픈클로 개발자)",https://www.youtube.com/watch?v=MI1uF10laRs,artifacts/bzcf_thumbnails/thumbs/038_시대 흐름에 반하지 마 (오픈클로 개발자).jpg
39,s0yLaj-3-aw,"""24살 창업, 29살 코스닥 상장"" (다음 창업자 이택경 대표) (현 매쉬업벤처스 대표)",ocr_confirmed_title_cleaned,"“> 재이”! '24살창업, 29살 코스닥 상장 9 alles sumn","""24살 창업, 29살 코스닥 상장"" (다음 창업자 이택경 대표) (현 매쉬업벤처스 대표)",https://www.youtube.com/watch?v=s0yLaj-3-aw,"artifacts/bzcf_thumbnails/thumbs/039_24살 창업, 29살 코스닥 상장 (다음 창업자 이택경 대표) (현 매쉬업벤처스 대표).jpg"
40,YEzALU9tWBg,"""What a 50-Year-Old Billionaire Realized"" (Chamath)",title_fallback_ocr_noisy,"yg, ay ne 0, NW BZCF 사고 0000 0 나태 YR ee el 깨달은 것 Vit","""What a 50-Year-Old Billionaire Realized"" (Chamath)",https://www.youtube.com/watch?v=YEzALU9tWBg,artifacts/bzcf_thumbnails/thumbs/040_What a 50-Year-Old Billionaire Realized (Chamath).jpg
41,7apM-N2ImOs,개 쩌는 대화 (안드레 카파시),ocr_confirmed_title_cleaned,mo BE 개쩌는대화 7 rie,개 쩌는 대화 (안드레 카파시),https://www.youtube.com/watch?v=7apM-N2ImOs,artifacts/bzcf_thumbnails/thumbs/041_개 쩌는 대화 (안드레 카파시).jpg
42,DXM9iD6OB-4,"""History repeats itself"" (Ray Dalio)",title_fallback_ocr_noisy,이 P ajo vete 역사는 반복된다는,"""History repeats itself"" (Ray Dalio)",https://www.youtube.com/watch?v=DXM9iD6OB-4,artifacts/bzcf_thumbnails/thumbs/042_History repeats itself (Ray Dalio).jpg
43,VtHC0MabgRI,"""Now you figure it out"" (Trump's official statement)",title_fallback_ocr_noisy,rik 16 의 02240 VE ry BZCF KKAKK- 1 is dis Qe 밴조 알아서 ae i pos (개비 25 a fhe 3,"""Now you figure it out"" (Trump's official statement)",https://www.youtube.com/watch?v=VtHC0MabgRI,artifacts/bzcf_thumbnails/thumbs/043_Now you figure it out (Trump's official statement).jpg
44,Dl1IuW8suJ0,Anthropic is a patriotic company.,title_fallback_ocr_noisy,"""개 BZCF ANP... 앤트로픽",Anthropic is a patriotic company.,https://www.youtube.com/watch?v=Dl1IuW8suJ0,artifacts/bzcf_thumbnails/thumbs/044_Anthropic is a patriotic company.jpg
45,BGJY0uO7p0k,"""중국은 대체 못해"" (젠슨 황)",title_fallback_ocr_noisy,@* BZCF 대체 못한다 할:,"""중국은 대체 못해"" (젠슨 황)",https://www.youtube.com/watch?v=BGJY0uO7p0k,artifacts/bzcf_thumbnails/thumbs/045_중국은 대체 못해 (젠슨 황).jpg
46,OnNSlKSDhDM,세상은 이미 바뀌었는데 (샘 알트먼),ocr_confirmed_title_cleaned,BZCF f €). ns 세상은 이미 바뀌었는데,세상은 이미 바뀌었는데 (샘 알트먼),https://www.youtube.com/watch?v=OnNSlKSDhDM,artifacts/bzcf_thumbnails/thumbs/046_세상은 이미 바뀌었는데 (샘 알트먼).jpg
47,HJRpYF7FKso,"""다들 죽기살기 모드"" (실리콘밸리)",ocr_confirmed_title_cleaned,다들죽기살기 모드로 개발 중 ~~ ge,"""다들 죽기살기 모드"" (실리콘밸리)",https://www.youtube.com/watch?v=HJRpYF7FKso,artifacts/bzcf_thumbnails/thumbs/047_다들 죽기살기 모드 (실리콘밸리).jpg
48,6sVXPqlimuU,시간관리 3법칙 딱알려준다 (칼 뉴포트),ocr_confirmed_title_cleaned,20002 개 Rg oe 시간관리 3법칙 J A ne,시간관리 3법칙 딱알려준다 (칼 뉴포트),https://www.youtube.com/watch?v=6sVXPqlimuU,artifacts/bzcf_thumbnails/thumbs/048_시간관리 3법칙 딱알려준다 (칼 뉴포트).jpg
49,Kt7cLrDMFwQ,The Dopamine-Filled Era (Onboard Group CEO Lee Hyeon-jong),title_fallback_ocr_noisy,if 은보드그룹 MS 대오 SIDBALI LG ASOD 때 PIGATH U8 fat 다보 =2.역억11나산는저 boar j 내 ru 늘 Buu 02 vy,The Dopamine-Filled Era (Onboard Group CEO Lee Hyeon-jong),https://www.youtube.com/watch?v=Kt7cLrDMFwQ,artifacts/bzcf_thumbnails/thumbs/049_The Dopamine-Filled Era (Onboard Group CEO Lee Hyeon-jong).jpg
50,y7R3oZDy7pA,"""내 말 들으라고"" (블랙록 래리핑크)",ocr_confirmed_title_cleaned,"BZCF ㆍ. te 7 ae 블랙록 BlackRock “iu, 마드 ra 내 들으라고 Le mor","""내 말 들으라고"" (블랙록 래리핑크)",https://www.youtube.com/watch?v=y7R3oZDy7pA,artifacts/bzcf_thumbnails/thumbs/050_내 말 들으라고 (블랙록 래리핑크).jpg
51,UJ2wokHa4sU,"""싱가포르가 성공한 이유"" (리콴유)",ocr_confirmed_title_cleaned,ge et Bac ung ate OP Hp wee Di AGU 싱가포르가 Dawe so 성공한 이유 b,"""싱가포르가 성공한 이유"" (리콴유)",https://www.youtube.com/watch?v=UJ2wokHa4sU,artifacts/bzcf_thumbnails/thumbs/051_싱가포르가 성공한 이유 (리콴유).jpg
52,7Re9B_yDzI0,1시간 볼만한 가치 있다 (a16z 풀인터뷰),title_fallback_ocr_noisy,ey zx) nn Cine” ~~ oO 로 ———— 가치있다,1시간 볼만한 가치 있다 (a16z 풀인터뷰),https://www.youtube.com/watch?v=7Re9B_yDzI0,artifacts/bzcf_thumbnails/thumbs/052_1시간 볼만한 가치 있다 (a16z 풀인터뷰).jpg
53,56LR8Tmf6Jc,가난해지는 일본,ocr_confirmed_title_cleaned,"\, BZCF 가난해지는일본",가난해지는 일본,https://www.youtube.com/watch?v=56LR8Tmf6Jc,artifacts/bzcf_thumbnails/thumbs/053_가난해지는 일본.jpg
54,e4O2jqQMG2s,오픈클로 개발자 단독 인터뷰,ocr_confirmed_title_cleaned,"""Sa 2» BZCF er (7/2. 호 (Ye 오픈클로 wl Sob Wy 7: am Ma 단독인터뷰,",오픈클로 개발자 단독 인터뷰,https://www.youtube.com/watch?v=e4O2jqQMG2s,artifacts/bzcf_thumbnails/thumbs/054_오픈클로 개발자 단독 인터뷰.jpg
55,gp3GzFFkz7Q,일론머스크는 천재가 맞다 (세콰이어 캐피탈 - SpaceX투자자),title_fallback_ocr_noisy,ee Br ea SEQUOIAZ 스페이스×투자자 일론 노이 0 oi 6 7,일론머스크는 천재가 맞다 (세콰이어 캐피탈 - SpaceX투자자),https://www.youtube.com/watch?v=gp3GzFFkz7Q,artifacts/bzcf_thumbnails/thumbs/055_일론머스크는 천재가 맞다 (세콰이어 캐피탈 - SpaceX투자자).jpg
56,gpwK8RMjr_g,"""탁상공론 개 싫다"" (팔란티어 알렉스카프)",ocr_confirmed_title_cleaned,4 개 BZCF 00 갱 o 탁상공론개싫다 을 eee,"""탁상공론 개 싫다"" (팔란티어 알렉스카프)",https://www.youtube.com/watch?v=gpwK8RMjr_g,artifacts/bzcf_thumbnails/thumbs/056_탁상공론 개 싫다 (팔란티어 알렉스카프).jpg
57,u9BHHLOOgKE,제미나이는 독보적이다 (구글 딥마인드),ocr_confirmed_title_cleaned,독보적이다,제미나이는 독보적이다 (구글 딥마인드),https://www.youtube.com/watch?v=u9BHHLOOgKE,artifacts/bzcf_thumbnails/thumbs/057_제미나이는 독보적이다 (구글 딥마인드).jpg
58,95Izndx_caA,지금이라도 사라 비트코인,ocr_confirmed_title_cleaned,cm Sage 지금이라도 비트코인 사라 4 ~. Qa i” “=,지금이라도 사라 비트코인,https://www.youtube.com/watch?v=95Izndx_caA,artifacts/bzcf_thumbnails/thumbs/058_지금이라도 사라 비트코인.jpg
59,_yumjhDbDWk,생각의 외주화,title_fallback_ocr_noisy,때 wre Le,생각의 외주화,https://www.youtube.com/watch?v=_yumjhDbDWk,artifacts/bzcf_thumbnails/thumbs/059_생각의 외주화.jpg
60,y_xGQNJT-NQ,"""길어봐야 2년"" (앤트로픽)",title_fallback_ocr_noisy,AN 1『820『36 may 2년남은 듯 of,"""길어봐야 2년"" (앤트로픽)",https://www.youtube.com/watch?v=y_xGQNJT-NQ,artifacts/bzcf_thumbnails/thumbs/060_길어봐야 2년 (앤트로픽).jpg
61,bTQM3oEW0gk,가슴이 웅장해지는 (딥마인드 - 앤트로픽),ocr_confirmed_title_cleaned,"ay eae 수, Ny Sf th us 가슴이"" 웅장해지는 대화 iN ~. ……-_ EN o 0 으니",가슴이 웅장해지는 (딥마인드 - 앤트로픽),https://www.youtube.com/watch?v=bTQM3oEW0gk,artifacts/bzcf_thumbnails/thumbs/061_가슴이 웅장해지는 (딥마인드 - 앤트로픽).jpg
62,VgSWTMmCnHg,China's ridiculous development plan,title_fallback_ocr_noisy,"oda i an i. a a a a oy ay: Sn ee oy oy LEN, a ar j ft "") —7 =a Bays a 4 말도 안되는 diay 개발계획",China's ridiculous development plan,https://www.youtube.com/watch?v=VgSWTMmCnHg,artifacts/bzcf_thumbnails/thumbs/062_China's ridiculous development plan.jpg
63,mGdYR0bQ5wc,나는 미래를 만드는 중 (일론 머스크),ocr_confirmed_title_cleaned,"""0415 BZCF 16086 ort 10 처져 ww 나는미래를 제 제, sg 만드는중이다 “^ 6( i",나는 미래를 만드는 중 (일론 머스크),https://www.youtube.com/watch?v=mGdYR0bQ5wc,artifacts/bzcf_thumbnails/thumbs/063_나는 미래를 만드는 중 (일론 머스크).jpg
64,RfRkHHT-Zq0,정말요 (구글 딥마인드),title_fallback_ocr_noisy,가 eS ons iD 꼭 보세요,정말요 (구글 딥마인드),https://www.youtube.com/watch?v=RfRkHHT-Zq0,artifacts/bzcf_thumbnails/thumbs/064_정말요 (구글 딥마인드).jpg
65,AdY5ZFN3ceM,현대는 로봇회사다,title_fallback_ocr_noisy,=P Y amy! Boston Dynamics ~~» ace 깊 SEINE a 48,현대는 로봇회사다,https://www.youtube.com/watch?v=AdY5ZFN3ceM,artifacts/bzcf_thumbnails/thumbs/065_현대는 로봇회사다.jpg
66,Kip-dvYIRrE,이스라엘이 개강한 이유,title_fallback_ocr_noisy,"나 5 개 늘이고 aes SNe ATR ANS 0 은이 1, 기아 가 Vee as Nae 7 아무 ov a ES ge 이소 ot Sa 내 |떤 이 어시 Dy ao a 는",이스라엘이 개강한 이유,https://www.youtube.com/watch?v=Kip-dvYIRrE,artifacts/bzcf_thumbnails/thumbs/066_이스라엘이 개강한 이유.jpg
67,GBNBN4K-Osc,"""돈이 전부가 아니야"" (마이클 블룸버그)",title_fallback_ocr_noisy,"@iven 0 Or, Pie +B 7 27, nacre 세상이 0 sy 돈이다가아냐% 시","""돈이 전부가 아니야"" (마이클 블룸버그)",https://www.youtube.com/watch?v=GBNBN4K-Osc,artifacts/bzcf_thumbnails/thumbs/067_돈이 전부가 아니야 (마이클 블룸버그).jpg
68,L2qDH6ovGo0,Virality is not the essence (Mr. Beast),title_fallback_ocr_noisy,ei BZCF wie Fim WB Woe MBoos 본질이 아니다 ~~,Virality is not the essence (Mr. Beast),https://www.youtube.com/watch?v=L2qDH6ovGo0,artifacts/bzcf_thumbnails/thumbs/068_Virality is not the essence (Mr. Beast).jpg
69,PLe30uUu6qs,민주주의는 망했다 (커티스 야빈),ocr_confirmed_title_cleaned,Ss BZCF 주: 기 yr 민주주의는 a 4 OoAer “4,민주주의는 망했다 (커티스 야빈),https://www.youtube.com/watch?v=PLe30uUu6qs,artifacts/bzcf_thumbnails/thumbs/069_민주주의는 망했다 (커티스 야빈).jpg
70,CxtehreILw0,Lee Kuan Yew's Thoughts,title_fallback_ocr_noisy,7 a” 내 my “Te _— 00 i Sa 시 0 개 7 el|ztFzeo ie AHF 9 oi |. aS EEE TREN,Lee Kuan Yew's Thoughts,https://www.youtube.com/watch?v=CxtehreILw0,artifacts/bzcf_thumbnails/thumbs/070_Lee Kuan Yew's Thoughts.jpg
71,2z9JsnMDWHE,인공지능 시작도 안함 (구글 창업자),ocr_confirmed_title_cleaned,"나 y 도 때 ts 인공지능 iS"" aa 시작도 안함 faa",인공지능 시작도 안함 (구글 창업자),https://www.youtube.com/watch?v=2z9JsnMDWHE,artifacts/bzcf_thumbnails/thumbs/071_인공지능 시작도 안함 (구글 창업자).jpg
72,c_kFpt6bNZc,"Vice President Meta (Alexander Wang), born in 1997",title_fallback_ocr_noisy,BZCF ia 1 Lae omaame OP zat =. ry +A QS om =’ 의 a,"Vice President Meta (Alexander Wang), born in 1997",https://www.youtube.com/watch?v=c_kFpt6bNZc,"artifacts/bzcf_thumbnails/thumbs/072_Vice President Meta (Alexander Wang), born in 1997.jpg"
73,iTypFtxogNQ,I Want to Run a Business Like an Artist (Interview with Notion's Founder),title_fallback_ocr_noisy,ty: ES ow q 예술처럼 사업하고 싶다 버투,I Want to Run a Business Like an Artist (Interview with Notion's Founder),https://www.youtube.com/watch?v=iTypFtxogNQ,artifacts/bzcf_thumbnails/thumbs/073_I Want to Run a Business Like an Artist (Interview with Notion's Founder).jpg
74,NYgq7_FUJic,일론 머스크 최신대화 전체번역,ocr_confirmed_title_cleaned,ge ('% 일론머스크 1. 최신대화 전체번역 톨로,일론 머스크 최신대화 전체번역,https://www.youtube.com/watch?v=NYgq7_FUJic,artifacts/bzcf_thumbnails/thumbs/074_일론 머스크 최신대화 전체번역.jpg
75,Nr4wrWuxs9w,비트코인 입장 바꿨다 (블랙락),ocr_confirmed_title_cleaned,BZCF Sy Blachyock 비트코인 |W 2auPyct 1 Ay 7 a,비트코인 입장 바꿨다 (블랙락),https://www.youtube.com/watch?v=Nr4wrWuxs9w,artifacts/bzcf_thumbnails/thumbs/075_비트코인 입장 바꿨다 (블랙락).jpg
76,aOc4i15yFxo,Korean Translation | Interview with Antropic CEO,title_fallback_ocr_noisy,"“~ BZCF ANTHEROP\C Wess zp ""~ 수 20분 인터뷰 번역 qa iG",Korean Translation | Interview with Antropic CEO,https://www.youtube.com/watch?v=aOc4i15yFxo,artifacts/bzcf_thumbnails/thumbs/076_Korean Translation Interview with Antropic CEO.jpg
77,wacPYKwOCRc,급진적 풍요의 시대 (데미스 하사비스),ocr_confirmed_title_cleaned,"레게 네기 5 급진적풍요의( ,(' 시대가온다",급진적 풍요의 시대 (데미스 하사비스),https://www.youtube.com/watch?v=wacPYKwOCRc,artifacts/bzcf_thumbnails/thumbs/077_급진적 풍요의 시대 (데미스 하사비스).jpg
78,_3PagsvnMLA,97년생 미국 수퍼엘리트 (데카곤),ocr_confirmed_title_cleaned,97년생 a7 수퍼엘리트,97년생 미국 수퍼엘리트 (데카곤),https://www.youtube.com/watch?v=_3PagsvnMLA,artifacts/bzcf_thumbnails/thumbs/078_97년생 미국 수퍼엘리트 (데카곤).jpg
79,7WMuH8BmtvY,띵킹게임 (데미스 하사비스),ocr_confirmed_title_cleaned,"BZCF i"") 4 데미스 하사비스 대 키키 이 eA!",띵킹게임 (데미스 하사비스),https://www.youtube.com/watch?v=7WMuH8BmtvY,artifacts/bzcf_thumbnails/thumbs/079_띵킹게임 (데미스 하사비스).jpg
80,ifQqNMoEBqM,워렌버핏이 근본인 이유,ocr_confirmed_title_cleaned,"a sey BZCF 쓰노 ""< i X 워렌버핏이 딸 o Oo —¥ 4",워렌버핏이 근본인 이유,https://www.youtube.com/watch?v=ifQqNMoEBqM,artifacts/bzcf_thumbnails/thumbs/080_워렌버핏이 근본인 이유.jpg
81,aAJ5ulsiWZo,이 영상 하나만 보세요 (젠슨 황),ocr_confirmed_title_cleaned,고 BZCF 이 영상 on Ee 하나만보세요,이 영상 하나만 보세요 (젠슨 황),https://www.youtube.com/watch?v=aAJ5ulsiWZo,artifacts/bzcf_thumbnails/thumbs/081_이 영상 하나만 보세요 (젠슨 황).jpg
82,75XQmol2ksI,Humans will soon become gods (Neuralink),title_fallback_ocr_noisy,인간은 곧 2 신이 된다,Humans will soon become gods (Neuralink),https://www.youtube.com/watch?v=75XQmol2ksI,artifacts/bzcf_thumbnails/thumbs/082_Humans will soon become gods (Neuralink).jpg
83,BdqenHB1fdw,비트코인 예측한 피터틸 (1999년),title_fallback_ocr_noisy,지레 본 는 F Ri\:. a” N 내 DEE 199914 ws,비트코인 예측한 피터틸 (1999년),https://www.youtube.com/watch?v=BdqenHB1fdw,artifacts/bzcf_thumbnails/thumbs/083_비트코인 예측한 피터틸 (1999년).jpg
84,pbM0hIll9Gk,'진짜'들은 제미나이 쓴다. (구글),title_fallback_ocr_noisy,rT BZCF Neb Chat GPT a 아직도 MALE -O y a,'진짜'들은 제미나이 쓴다. (구글),https://www.youtube.com/watch?v=pbM0hIll9Gk,artifacts/bzcf_thumbnails/thumbs/084_'진짜'들은 제미나이 쓴다. (구글).jpg
85,011Xq8qEwOs,실패를 통과하는 일 (박소령 퍼블리 창업자),ocr_confirmed_title_cleaned,”: 을 <7 el =~ 실패를'통과하는 일,실패를 통과하는 일 (박소령 퍼블리 창업자),https://www.youtube.com/watch?v=011Xq8qEwOs,artifacts/bzcf_thumbnails/thumbs/085_실패를 통과하는 일 (박소령 퍼블리 창업자).jpg
86,9KVxx7CLBxA,60억 투자받은 96년생 | 바카티오 지현준 대표,ocr_confirmed_title_cleaned,"ae ee 개 “소고 개 aa 시세 e e 호 0 186 걱 =: -… wal 군가 -, XS vd OS 60억 투자받은 200i 대표",60억 투자받은 96년생 | 바카티오 지현준 대표,https://www.youtube.com/watch?v=9KVxx7CLBxA,artifacts/bzcf_thumbnails/thumbs/086_60억 투자받은 96년생 바카티오 지현준 대표.jpg
87,HjtKS6ISiTI,떡잎부터 달랐던 샘알트먼,title_fallback_ocr_noisy,"x at KZ, yy 샘 ten ot mn rt on 뻐준기 사업 하는 BS",떡잎부터 달랐던 샘알트먼,https://www.youtube.com/watch?v=HjtKS6ISiTI,artifacts/bzcf_thumbnails/thumbs/087_떡잎부터 달랐던 샘알트먼.jpg
88,QvtOB8CLomc,'변하지 않는 것' (제프 베조스),title_fallback_ocr_noisy,aS SS 제발 한번만 보세요 1 4,'변하지 않는 것' (제프 베조스),https://www.youtube.com/watch?v=QvtOB8CLomc,artifacts/bzcf_thumbnails/thumbs/088_'변하지 않는 것' (제프 베조스).jpg
89,3fk5S_uzI7Y,엔비디아 창업 썰푼다 (젠슨황),ocr_confirmed_title_cleaned,"때 고 »\ ah <i 1"" 엔비디아 3 0. 숲 SS7)SECh or ri",엔비디아 창업 썰푼다 (젠슨황),https://www.youtube.com/watch?v=3fk5S_uzI7Y,artifacts/bzcf_thumbnails/thumbs/089_엔비디아 창업 썰푼다 (젠슨황).jpg
90,NfFFm49420Y,팔란티어 알렉스카프 1:1 인터뷰,title_fallback_ocr_noisy,51 a aes fle 은 때 4) wa zx am 4 중국 wie 싫어하시죠? Ty 때,팔란티어 알렉스카프 1:1 인터뷰,https://www.youtube.com/watch?v=NfFFm49420Y,artifacts/bzcf_thumbnails/thumbs/090_팔란티어 알렉스카프 1 1 인터뷰.jpg
91,8N3MhUMDdI4,"""인간 모두가 패배자"" (제프리 힌튼)",ocr_confirmed_title_cleaned,은 a §™PZCr mee yr 3 때 는 PBR 인간 모두가 뼈 c,"""인간 모두가 패배자"" (제프리 힌튼)",https://www.youtube.com/watch?v=8N3MhUMDdI4,artifacts/bzcf_thumbnails/thumbs/091_인간 모두가 패배자 (제프리 힌튼).jpg
92,K6lrW4N93Pk,미국 다음 시대 .. (싱가포르 총리 로렌스 웡),ocr_confirmed_title_cleaned,성 Me ‘2 eae oe 싱가포르종리! aa 포스트 미국시대,미국 다음 시대 .. (싱가포르 총리 로렌스 웡),https://www.youtube.com/watch?v=K6lrW4N93Pk,artifacts/bzcf_thumbnails/thumbs/092_미국 다음 시대 .. (싱가포르 총리 로렌스 웡).jpg
93,5uDhmuwlHoU,죽지 마세요 (브라이언 존슨),ocr_confirmed_title_cleaned,vere BZCF Ne SN 죽지 마세요,죽지 마세요 (브라이언 존슨),https://www.youtube.com/watch?v=5uDhmuwlHoU,artifacts/bzcf_thumbnails/thumbs/093_죽지 마세요 (브라이언 존슨).jpg
94,X7DhAAgsUHE,핸드폰 안합니다 (텔레그램 창업자),ocr_confirmed_title_cleaned,11 Pi. 안합니다,핸드폰 안합니다 (텔레그램 창업자),https://www.youtube.com/watch?v=X7DhAAgsUHE,artifacts/bzcf_thumbnails/thumbs/094_핸드폰 안합니다 (텔레그램 창업자).jpg
95,-tzXFnX92z8,타인의 욕망을 욕망한다 (피터 틸),ocr_confirmed_title_cleaned,"2000 Sesto a 타인의 욕망을불 나게 30, vow OF —_ 이오 그 그를 7",타인의 욕망을 욕망한다 (피터 틸),https://www.youtube.com/watch?v=-tzXFnX92z8,artifacts/bzcf_thumbnails/thumbs/095_타인의 욕망을 욕망한다 (피터 틸).jpg
96,G3t1QxkfA8s,우리는 자유롭지 않다 (잭 도시),title_fallback_ocr_noisy,내 000 f i ㆍ: =n,우리는 자유롭지 않다 (잭 도시),https://www.youtube.com/watch?v=G3t1QxkfA8s,artifacts/bzcf_thumbnails/thumbs/096_우리는 자유롭지 않다 (잭 도시).jpg
97,OqKCa7wlIDk,인바디 회장님 모셨습니다,ocr_confirmed_title_cleaned,"대 age SS 2 aS avy =, A sf) ry cf am 인바디 회장님 모셨습니다 인 of",인바디 회장님 모셨습니다,https://www.youtube.com/watch?v=OqKCa7wlIDk,artifacts/bzcf_thumbnails/thumbs/097_인바디 회장님 모셨습니다.jpg
98,fd-bQUrQeAs,돈버는게 제일 쉬웠어요 (루시 구오),title_fallback_ocr_noisy,"@&, SUMMIT of! am 가장어린자수성가 ss JobsOh",돈버는게 제일 쉬웠어요 (루시 구오),https://www.youtube.com/watch?v=fd-bQUrQeAs,artifacts/bzcf_thumbnails/thumbs/098_돈버는게 제일 쉬웠어요 (루시 구오).jpg
99,INwjjF4Uj34,텔레그램 창업자 (파벨 두로프),title_fallback_ocr_noisy,hn iii +: rial ee. xy aN a ae rar 멋진대표<,텔레그램 창업자 (파벨 두로프),https://www.youtube.com/watch?v=INwjjF4Uj34,artifacts/bzcf_thumbnails/thumbs/099_텔레그램 창업자 (파벨 두로프).jpg
100,d3LKAUw1q4I,장기적 관점 (제프 베조스),ocr_confirmed_title_cleaned,BZCF 장기적 관점 “a,장기적 관점 (제프 베조스),https://www.youtube.com/watch?v=d3LKAUw1q4I,artifacts/bzcf_thumbnails/thumbs/100_장기적 관점 (제프 베조스).jpg
101,Ma74xdvZ5R8,돈보다 더 중요한 것 (텔레그램 창업자),ocr_confirmed_title_cleaned,돈보다 더 중요한자유.,돈보다 더 중요한 것 (텔레그램 창업자),https://www.youtube.com/watch?v=Ma74xdvZ5R8,artifacts/bzcf_thumbnails/thumbs/101_돈보다 더 중요한 것 (텔레그램 창업자).jpg
102,-lELIbg9R8Q,한글번역 | 일라이릴리 대표와 대화,title_fallback_ocr_noisy,~~ 6 ry ir; 개 4 비만약 별 <” 이제시작[밸,한글번역 | 일라이릴리 대표와 대화,https://www.youtube.com/watch?v=-lELIbg9R8Q,artifacts/bzcf_thumbnails/thumbs/102_한글번역 일라이릴리 대표와 대화.jpg
103,fpR-GJr8Rg0,지금이 마지막 (구글 딥마인드),title_fallback_ocr_noisy,Get BZCF aon” 7 남았다 tS,지금이 마지막 (구글 딥마인드),https://www.youtube.com/watch?v=fpR-GJr8Rg0,artifacts/bzcf_thumbnails/thumbs/103_지금이 마지막 (구글 딥마인드).jpg
104,S5Irztv18tI,이건 안보면 손해 (제프 베조스),title_fallback_ocr_noisy,"2. BZCF 4”, 10분대화,귀하다! 1",이건 안보면 손해 (제프 베조스),https://www.youtube.com/watch?v=S5Irztv18tI,artifacts/bzcf_thumbnails/thumbs/104_이건 안보면 손해 (제프 베조스).jpg
105,jmWUlJ1U5J0,자기 인생을 살자,title_fallback_ocr_noisy,그 BZCF a 자기의 버사. 7,자기 인생을 살자,https://www.youtube.com/watch?v=jmWUlJ1U5J0,artifacts/bzcf_thumbnails/thumbs/105_자기 인생을 살자.jpg
106,C7SlaUqCLZU,미국이 이겨야 합니다 (구글 전 대표),ocr_confirmed_title_cleaned,미국이 6 때 이겨야힌 “+ se,미국이 이겨야 합니다 (구글 전 대표),https://www.youtube.com/watch?v=C7SlaUqCLZU,artifacts/bzcf_thumbnails/thumbs/106_미국이 이겨야 합니다 (구글 전 대표).jpg
107,rw8zFLundR8,159억 투자 유치 20대 대표 (두들린 이태규 대표),title_fallback_ocr_noisy,"7 도주 ""2 Greeting al 는 스",159억 투자 유치 20대 대표 (두들린 이태규 대표),https://www.youtube.com/watch?v=rw8zFLundR8,artifacts/bzcf_thumbnails/thumbs/107_159억 투자 유치 20대 대표 (두들린 이태규 대표).jpg
108,LG8P2mB-Zbk,인공지능 전문가 어딨냐 (코슬라),ocr_confirmed_title_cleaned,BZCF 인공지능에 f 전문가가 OLE,인공지능 전문가 어딨냐 (코슬라),https://www.youtube.com/watch?v=LG8P2mB-Zbk,artifacts/bzcf_thumbnails/thumbs/108_인공지능 전문가 어딨냐 (코슬라).jpg
109,DhDQMkZfGUI,99년생 투자회사 대표 인터뷰,ocr_confirmed_title_cleaned,99년생 투자회사 대표 Se il,99년생 투자회사 대표 인터뷰,https://www.youtube.com/watch?v=DhDQMkZfGUI,artifacts/bzcf_thumbnails/thumbs/109_99년생 투자회사 대표 인터뷰.jpg
110,3TMnDCv4IN0,일론머스크 30분 전문번역,ocr_confirmed_title_cleaned,일론머스크 으으 이 온순 ——,일론머스크 30분 전문번역,https://www.youtube.com/watch?v=3TMnDCv4IN0,artifacts/bzcf_thumbnails/thumbs/110_일론머스크 30분 전문번역.jpg
111,nvi_wl39Mx0,아침 5시에 일어나 (고긴스),ocr_confirmed_title_cleaned,6 는 02 아침 5시 0 일어나기 수. ry,아침 5시에 일어나 (고긴스),https://www.youtube.com/watch?v=nvi_wl39Mx0,artifacts/bzcf_thumbnails/thumbs/111_아침 5시에 일어나 (고긴스).jpg
112,-m6qFP4Tk30,전문직 하지마,ocr_confirmed_title_cleaned,"A ""@ 4 BZCF bee. 수 a“ 트 r= aif oa 전문직 하지마 ey 더 2s",전문직 하지마,https://www.youtube.com/watch?v=-m6qFP4Tk30,artifacts/bzcf_thumbnails/thumbs/112_전문직 하지마.jpg
113,9OPTVHcXrqM,"나발과 대화, 귀하다",ocr_confirmed_title_cleaned,4 ^; BZCF 나발과 대화 Ys 귀하다: 가 Sy,"나발과 대화, 귀하다",https://www.youtube.com/watch?v=9OPTVHcXrqM,"artifacts/bzcf_thumbnails/thumbs/113_나발과 대화, 귀하다.jpg"
114,LhOcio1Hrr8,비트코인 시간문제다 (발라지),ocr_confirmed_title_cleaned,a B 비트코인 시간문제다” om,비트코인 시간문제다 (발라지),https://www.youtube.com/watch?v=LhOcio1Hrr8,artifacts/bzcf_thumbnails/thumbs/114_비트코인 시간문제다 (발라지).jpg
115,1UiU3UWsOYw,주식 지금 고점임 (하워드막스),ocr_confirmed_title_cleaned,th 0 주 하워드 막스 00 a am 주가너무높다,주식 지금 고점임 (하워드막스),https://www.youtube.com/watch?v=1UiU3UWsOYw,artifacts/bzcf_thumbnails/thumbs/115_주식 지금 고점임 (하워드막스).jpg
116,2_owzZFLxp8,경제적 자유 (스콧 갤러웨이),title_fallback_ocr_noisy,ee 4 abs 로 cae 좋더 att,경제적 자유 (스콧 갤러웨이),https://www.youtube.com/watch?v=2_owzZFLxp8,artifacts/bzcf_thumbnails/thumbs/116_경제적 자유 (스콧 갤러웨이).jpg
117,Fj58zAEomy0,억대연봉 포기하고 창업한 이유 (클로브 도은욱 대표),title_fallback_ocr_noisy,hy gotten 더 한국 밖으로 나가자,억대연봉 포기하고 창업한 이유 (클로브 도은욱 대표),https://www.youtube.com/watch?v=Fj58zAEomy0,artifacts/bzcf_thumbnails/thumbs/117_억대연봉 포기하고 창업한 이유 (클로브 도은욱 대표).jpg
118,ulGLviVsEl0,골드만삭스 부회장 : 일 잘하는 법,ocr_confirmed_title_cleaned,"터 Pos. i 4 골드만삭스 부회장 F ao 님 y,>- ^저",골드만삭스 부회장 : 일 잘하는 법,https://www.youtube.com/watch?v=ulGLviVsEl0,artifacts/bzcf_thumbnails/thumbs/118_골드만삭스 부회장 일 잘하는 법.jpg
119,4ZXmqJtNWyQ,완벽한 아침루틴 (앤드루 후버만),title_fallback_ocr_noisy,BZCF Y ~~ i BA -ㅋ08 fo 아짐루틴 ee -00',완벽한 아침루틴 (앤드루 후버만),https://www.youtube.com/watch?v=4ZXmqJtNWyQ,artifacts/bzcf_thumbnails/thumbs/119_완벽한 아침루틴 (앤드루 후버만).jpg
120,0mol9CzZYw0,술담배 하지마 (트럼프),ocr_confirmed_title_cleaned,"BZCF ens ge im, a F 술담배하지마 wes Ae",술담배 하지마 (트럼프),https://www.youtube.com/watch?v=0mol9CzZYw0,artifacts/bzcf_thumbnails/thumbs/120_술담배 하지마 (트럼프).jpg
121,a_N9ErN4PxE,트럼프 AI연설 전체번역,title_fallback_ocr_noisy,BZCF 까불지 마세요,트럼프 AI연설 전체번역,https://www.youtube.com/watch?v=a_N9ErN4PxE,artifacts/bzcf_thumbnails/thumbs/121_트럼프 AI연설 전체번역.jpg
122,ILXgqndC9O0,"더벤처스 김철우 대표님 초대석 (번개장터, 셀잇)",title_fallback_ocr_noisy,"0, er ie oN 2 +... 카카오 A eae","더벤처스 김철우 대표님 초대석 (번개장터, 셀잇)",https://www.youtube.com/watch?v=ILXgqndC9O0,"artifacts/bzcf_thumbnails/thumbs/122_더벤처스 김철우 대표님 초대석 (번개장터, 셀잇).jpg"
123,VZdqLObuxL4,그러면 사업이 더 잘 됩니다,title_fallback_ocr_noisy,연애하고: Sa PS r> 고 결춘하세요 이,그러면 사업이 더 잘 됩니다,https://www.youtube.com/watch?v=VZdqLObuxL4,artifacts/bzcf_thumbnails/thumbs/123_그러면 사업이 더 잘 됩니다.jpg
124,vECs2lEOCUU,소프트웨어 3.0,title_fallback_ocr_noisy,Vheverte rg oe ve 00 oe 님 00000 기 『. 기 나그) ATIES|O| a 시대. =* 3.0 시대,소프트웨어 3.0,https://www.youtube.com/watch?v=vECs2lEOCUU,artifacts/bzcf_thumbnails/thumbs/124_소프트웨어 3.0.jpg
125,5fgVLOlyLfw,눈뜨고 돈 빼앗기는 중 (마이클 세일러),title_fallback_ocr_noisy,oe gz i 언니 pw 빼앗기는중 F,눈뜨고 돈 빼앗기는 중 (마이클 세일러),https://www.youtube.com/watch?v=5fgVLOlyLfw,artifacts/bzcf_thumbnails/thumbs/125_눈뜨고 돈 빼앗기는 중 (마이클 세일러).jpg
126,kflvqZbh5yc,97년생 메타 인공지능 총괄,ocr_confirmed_title_cleaned,OO Meta ~_ 97년생 4 OAK,97년생 메타 인공지능 총괄,https://www.youtube.com/watch?v=kflvqZbh5yc,artifacts/bzcf_thumbnails/thumbs/126_97년생 메타 인공지능 총괄.jpg
127,x0R-_3xsJFs,하버드 교수가 말하는 행복,title_fallback_ocr_noisy,Ea 이 CE 돈 권력 쾌락 명예: af “SR? 그 별,하버드 교수가 말하는 행복,https://www.youtube.com/watch?v=x0R-_3xsJFs,artifacts/bzcf_thumbnails/thumbs/127_하버드 교수가 말하는 행복.jpg
128,z1Hg4H-LXZA,한글번역 | 뉴럴링크 2025년 공식발표,title_fallback_ocr_noisy,바 BZCF 400 나 2025 공식발표 “^ 4 A,한글번역 | 뉴럴링크 2025년 공식발표,https://www.youtube.com/watch?v=z1Hg4H-LXZA,artifacts/bzcf_thumbnails/thumbs/128_한글번역 뉴럴링크 2025년 공식발표.jpg
129,k2VyqA9_H4I,토스 공동창업자 이태양 대표님 초대석,ocr_confirmed_title_cleaned,7 tins” 이태양 대표님 초대석,토스 공동창업자 이태양 대표님 초대석,https://www.youtube.com/watch?v=k2VyqA9_H4I,artifacts/bzcf_thumbnails/thumbs/129_토스 공동창업자 이태양 대표님 초대석.jpg
130,G9F1bGrnx1Y,97년생 메타 총괄 (알렉산더 왕),ocr_confirmed_title_cleaned,"f BZCF oq) 가 초지능연구소총괄"" a 97년생* ,4 ae SC",97년생 메타 총괄 (알렉산더 왕),https://www.youtube.com/watch?v=G9F1bGrnx1Y,artifacts/bzcf_thumbnails/thumbs/130_97년생 메타 총괄 (알렉산더 왕).jpg
131,TzjzUnyw0_U,중국 정말 너무 빠르다,ocr_confirmed_title_cleaned,"BZCF 수 재이 11 중국은 진짜"". ^. 주 너무빠르다"".",중국 정말 너무 빠르다,https://www.youtube.com/watch?v=TzjzUnyw0_U,artifacts/bzcf_thumbnails/thumbs/131_중국 정말 너무 빠르다.jpg
132,G--iDYWeV2c,도파민 없는 SNS (레트로 창업자 풀인터뷰),ocr_confirmed_title_cleaned,"타스 Sa Pez 그 사사 Wail BZCF J s ia 23m 도파민 없는 SNS amd,",도파민 없는 SNS (레트로 창업자 풀인터뷰),https://www.youtube.com/watch?v=G--iDYWeV2c,artifacts/bzcf_thumbnails/thumbs/132_도파민 없는 SNS (레트로 창업자 풀인터뷰).jpg
133,CELKzueqEwA,수준 높은 미국청문회 (에릭슈미트 구글 전 대표),title_fallback_ocr_noisy,2: 우리집니다 1 을 =~.) =~,수준 높은 미국청문회 (에릭슈미트 구글 전 대표),https://www.youtube.com/watch?v=CELKzueqEwA,artifacts/bzcf_thumbnails/thumbs/133_수준 높은 미국청문회 (에릭슈미트 구글 전 대표).jpg
134,ood8W_MXSqg,외국에서 보는 한국 저출산,ocr_confirmed_title_cleaned,rf 외국에서보는던 안국 저출산 가,외국에서 보는 한국 저출산,https://www.youtube.com/watch?v=ood8W_MXSqg,artifacts/bzcf_thumbnails/thumbs/134_외국에서 보는 한국 저출산.jpg
135,wHjQlZA1-18,메타 + 마이크로소프트 CEO 대화 (라마콘 2025),title_fallback_ocr_noisy,24 Mezcr oh ‘4. Meta ali 빠 Su Microsoft ae Thr] Nw,메타 + 마이크로소프트 CEO 대화 (라마콘 2025),https://www.youtube.com/watch?v=wHjQlZA1-18,artifacts/bzcf_thumbnails/thumbs/135_메타 + 마이크로소프트 CEO 대화 (라마콘 2025).jpg
136,XInSMjuxCAY,사람 바꾸려고 하지마 - 나발 라비칸트,title_fallback_ocr_noisy,yey _BZCF oat Se ee 하지마라 Ye,사람 바꾸려고 하지마 - 나발 라비칸트,https://www.youtube.com/watch?v=XInSMjuxCAY,artifacts/bzcf_thumbnails/thumbs/136_사람 바꾸려고 하지마 - 나발 라비칸트.jpg
137,c31aRSOfSaA,"피터틸 30분 전체번역 : 반골, 엘리트, 테크, 정치, 관세, 팔란티어, 벤처, 실리콘밸리",title_fallback_ocr_noisy,nl a BZCF os ots Ae We 4 고인물이다 277,"피터틸 30분 전체번역 : 반골, 엘리트, 테크, 정치, 관세, 팔란티어, 벤처, 실리콘밸리",https://www.youtube.com/watch?v=c31aRSOfSaA,"artifacts/bzcf_thumbnails/thumbs/137_피터틸 30분 전체번역 반골, 엘리트, 테크, 정치, 관세, 팔란티어, 벤처, 실리콘밸리.jpg"
138,Tct5FaP8I5o,how to get rich (부자되는 법) - 나발,title_fallback_ocr_noisy,해어 BACE 브가되는 부자되는 법+ 내,how to get rich (부자되는 법) - 나발,https://www.youtube.com/watch?v=Tct5FaP8I5o,artifacts/bzcf_thumbnails/thumbs/138_how to get rich (부자되는 법) - 나발.jpg
139,oK-Skn4v4Cs,로켓 AI회사 '커서(CURSOR)' 인터뷰,ocr_confirmed_title_cleaned,"""그 CURSORS. 세 진짜 Sy nat Blige",로켓 AI회사 '커서(CURSOR)' 인터뷰,https://www.youtube.com/watch?v=oK-Skn4v4Cs,artifacts/bzcf_thumbnails/thumbs/139_로켓 AI회사 '커서(CURSOR)' 인터뷰.jpg
140,BoHKf6h_axU,"달러, 위안화, 비트코인",ocr_confirmed_title_cleaned,"Ae yt te “~ age: a Se eee pe 달러, 위안화 오소 시 이애 비트코이 '… “€E a as","달러, 위안화, 비트코인",https://www.youtube.com/watch?v=BoHKf6h_axU,"artifacts/bzcf_thumbnails/thumbs/140_달러, 위안화, 비트코인.jpg"
141,-OSFl3YrC08,하워드 막스 회장 | 트럼프 관세 해설,ocr_confirmed_title_cleaned,SEO 새거 ae 개 때 3 Lt ine Seg i 그 ‘Rowaed Marks 2 A ras. my 트럼프 관세해설 대,하워드 막스 회장 | 트럼프 관세 해설,https://www.youtube.com/watch?v=-OSFl3YrC08,artifacts/bzcf_thumbnails/thumbs/141_하워드 막스 회장 트럼프 관세 해설.jpg
142,ledUBXY7Vfo,생각좀 하면서 살자,title_fallback_ocr_noisy,"02 ^. [Ravi 을 4 “° 자기 맘대로 cS’ ^: 좀사세요 ""고 a",생각좀 하면서 살자,https://www.youtube.com/watch?v=ledUBXY7Vfo,artifacts/bzcf_thumbnails/thumbs/142_생각좀 하면서 살자.jpg
143,R61qJ0ycRk4,팀 도지 총출동 (TEAM DOGE),title_fallback_ocr_noisy,때나 ej (a 스이 건 xs Ce payee a >> Bs 주 ~엿 ㅁ066팀 총줄동,팀 도지 총출동 (TEAM DOGE),https://www.youtube.com/watch?v=R61qJ0ycRk4,artifacts/bzcf_thumbnails/thumbs/143_팀 도지 총출동 (TEAM DOGE).jpg
144,CmA3jQaHKZo,"사람들이 놓치고 있는 거 : 의학, 드론, 비만 치료제",title_fallback_ocr_noisy,"La he a han ee ae Oe 4) ar aN as 120 ~. 5 Ne RR EEE Sees 200 0 rd eee setts ROR ry 번사 tic 34 개 (seg 나] 구기 200 rs 고 is) 4 is 000 oe 16000 “~ SAE 조시 자] ven, rte Drees we AO ""ARS Re a ape Ce 00200 Sie! 220 00000 200 때 족지 이알 a ee ets or; 6 00” 이 그 2820 이 UN) Naval 에 ""Ne os ate: Ap by er ess ase sa! 소이 니어 eT: Ravikant 60000 이이 로시 Oe Monta cal 2” se ee 아로 he aay oe eo. 8 aoe an SEW ue as RESON YO? 3S aa oom ok. 7200 ee, eG aon 0 시 re 8 ee tree at ee RE 0000 SEN ‘ase 00000 00 Nee. tl ree too wastes SOE me als BOAT, eth, HH SS Alp onion ral 1자! eee Bs 고 Hos a 0000 개 가연 (기 “i 니사 소소 셨 개어 att 8 a AS be 00 시 시 he Nae oy. ** FA ER Setter! o a","사람들이 놓치고 있는 거 : 의학, 드론, 비만 치료제",https://www.youtube.com/watch?v=CmA3jQaHKZo,"artifacts/bzcf_thumbnails/thumbs/144_사람들이 놓치고 있는 거 의학, 드론, 비만 치료제.jpg"
145,pXBx1cA2VaA,이런날도 있지 뭐,title_fallback_ocr_noisy,ae SS 0 1 0 a my 22000 ea BZCF 을 뱅 4 SN a Me oN sn ee 0; e .. a an all Ss 때 이 0 배드데 때 tun ay 시 0,이런날도 있지 뭐,https://www.youtube.com/watch?v=pXBx1cA2VaA,artifacts/bzcf_thumbnails/thumbs/145_이런날도 있지 뭐.jpg
146,9k_RCgDsETA,나 자신으로 살아가기,title_fallback_ocr_noisy,3 ae ON 2 e ts VF OS. “ay ee BT: N (Se rh ta. BRE a. meh Ie Nh et a 2”. ae 7 a nc a -_ “Ww 구 00” a 481 다 a 0 ee,나 자신으로 살아가기,https://www.youtube.com/watch?v=9k_RCgDsETA,artifacts/bzcf_thumbnails/thumbs/146_나 자신으로 살아가기.jpg
147,pplZlVSwZhA,우리는 프로그래밍 당하고 있다 (잭도시),ocr_confirmed_title_cleaned,"sa BZCF Coon e le Ry i Jack Dorsey Pa. a <> 우리는프로그라민 A 당하고있다, SS,",우리는 프로그래밍 당하고 있다 (잭도시),https://www.youtube.com/watch?v=pplZlVSwZhA,artifacts/bzcf_thumbnails/thumbs/147_우리는 프로그래밍 당하고 있다 (잭도시).jpg
148,cIvsdpkWd1w,68개의 인생 조언 (WIRED 편집장 케빈켈리),title_fallback_ocr_noisy,he 개 BZCF 1-919] X01,68개의 인생 조언 (WIRED 편집장 케빈켈리),https://www.youtube.com/watch?v=cIvsdpkWd1w,artifacts/bzcf_thumbnails/thumbs/148_68개의 인생 조언 (WIRED 편집장 케빈켈리).jpg
149,ng7YfntyuoU,"피터틸 올인 팟캐스트 인터뷰 | 인공지능, 대학, 미국, 미래, 기술, 혁신의 시작, 틸펠로십",title_fallback_ocr_noisy,반구 po 피터틸의생각,"피터틸 올인 팟캐스트 인터뷰 | 인공지능, 대학, 미국, 미래, 기술, 혁신의 시작, 틸펠로십",https://www.youtube.com/watch?v=ng7YfntyuoU,"artifacts/bzcf_thumbnails/thumbs/149_피터틸 올인 팟캐스트 인터뷰 인공지능, 대학, 미국, 미래, 기술, 혁신의 시작, 틸펠로십.jpg"
150,ENc_9o73Rww,"캐시우드가 바라보는 세상 | 테슬라, 엔비디아, 딥시크, 바이오, 빅테크",title_fallback_ocr_noisy,BZCF Tih al i: 25 ARK 2 INVEST! «= “AF See 그이 시가,"캐시우드가 바라보는 세상 | 테슬라, 엔비디아, 딥시크, 바이오, 빅테크",https://www.youtube.com/watch?v=ENc_9o73Rww,"artifacts/bzcf_thumbnails/thumbs/150_캐시우드가 바라보는 세상 테슬라, 엔비디아, 딥시크, 바이오, 빅테크.jpg"
151,2A-qyVWHq7A,기술이 곧 권력이다 (알렉스카프 of Palantir),ocr_confirmed_title_cleaned,"~. ^, ~” FP Le 가 1 ates oe, (도 1 460 ne’ ee EE So 00 개 or, ot wt bs 나스. 스플 3 내 Ay ee 8 te oa PE el. aon Sort t nae ""ag Lor 5 “AR eS.) 200 그 GS Serene NE eR Lats. lye rN B 개 때 7 4 or 자 개인 oe ek a Y Palantir 0 gg Ney Ge Re Tete Age OP. flee AB 이! 혼의 이 전 “90 yee ee, I SST Pu ee Vane fa COATS 008 사아 이 ABMS ze 시",기술이 곧 권력이다 (알렉스카프 of Palantir),https://www.youtube.com/watch?v=2A-qyVWHq7A,artifacts/bzcf_thumbnails/thumbs/151_기술이 곧 권력이다 (알렉스카프 of Palantir).jpg
152,YEAJ9Ew4Tvk,돈줘도 못듣는 이야기들 (젠슨황 of NVIDIA),title_fallback_ocr_noisy,(> (Aes 로 이 Get 4 Neg My i OF Wife rf 16: 0 00 70 Lai Le,돈줘도 못듣는 이야기들 (젠슨황 of NVIDIA),https://www.youtube.com/watch?v=YEAJ9Ew4Tvk,artifacts/bzcf_thumbnails/thumbs/152_돈줘도 못듣는 이야기들 (젠슨황 of NVIDIA).jpg
153,NSwqb56YQAY,서양을 왜 따라가야 합니까? (리콴유),title_fallback_ocr_noisy,BZCF 왜답해야됩니까?,서양을 왜 따라가야 합니까? (리콴유),https://www.youtube.com/watch?v=NSwqb56YQAY,artifacts/bzcf_thumbnails/thumbs/153_서양을 왜 따라가야 합니까 (리콴유).jpg
154,as1ZiGIzyJI,그냥 존재하기 | just exist bro,title_fallback_ocr_noisy,Whe FTI ta A,그냥 존재하기 | just exist bro,https://www.youtube.com/watch?v=as1ZiGIzyJI,artifacts/bzcf_thumbnails/thumbs/154_그냥 존재하기 just exist bro.jpg
155,g6QBIvYE4sc,안두릴 창업 이야기 (팔마 럭키),title_fallback_ocr_noisy,"이 갱이 SS Ee MF RZCE “¢ “bal 7 QS ANDURIL, Se 근성의사나이 “'",안두릴 창업 이야기 (팔마 럭키),https://www.youtube.com/watch?v=g6QBIvYE4sc,artifacts/bzcf_thumbnails/thumbs/155_안두릴 창업 이야기 (팔마 럭키).jpg
156,-iNgdvXXaR0,일론의 5단계 법칙,title_fallback_ocr_noisy,"1 le 0007"" al Me ef",일론의 5단계 법칙,https://www.youtube.com/watch?v=-iNgdvXXaR0,artifacts/bzcf_thumbnails/thumbs/156_일론의 5단계 법칙.jpg
157,f4a1TO4YRxE,알면 알수록 어려운 세상 (데이비드 도이치),title_fallback_ocr_noisy,6 BZCF 수 pe 7G 7,알면 알수록 어려운 세상 (데이비드 도이치),https://www.youtube.com/watch?v=f4a1TO4YRxE,artifacts/bzcf_thumbnails/thumbs/157_알면 알수록 어려운 세상 (데이비드 도이치).jpg
158,gcVClKGgcA4,성공하는 자세 (짐도노반 of 골드만삭스),title_fallback_ocr_noisy,성공할거야?,성공하는 자세 (짐도노반 of 골드만삭스),https://www.youtube.com/watch?v=gcVClKGgcA4,artifacts/bzcf_thumbnails/thumbs/158_성공하는 자세 (짐도노반 of 골드만삭스).jpg
159,Hu0UWWrIVnA,사업의 모든 것 (ㄷㄷ),title_fallback_ocr_noisy,BZCF 2 S| combing. NY 7 nejo| ae aie cS 이번 LS,사업의 모든 것 (ㄷㄷ),https://www.youtube.com/watch?v=Hu0UWWrIVnA,artifacts/bzcf_thumbnails/thumbs/159_사업의 모든 것 (ㄷㄷ).jpg
160,fLYhSRGEVYI,아마존 창업자 10일전 인터뷰 (제프베조스),title_fallback_ocr_noisy,BZCF amazon wee”) AX 수준 참 높다,아마존 창업자 10일전 인터뷰 (제프베조스),https://www.youtube.com/watch?v=fLYhSRGEVYI,artifacts/bzcf_thumbnails/thumbs/160_아마존 창업자 10일전 인터뷰 (제프베조스).jpg
161,J0IjKn1slU4,구글! 믿고 있었다구,title_fallback_ocr_noisy,gi... BZCF oe on bd 뜨 역시,구글! 믿고 있었다구,https://www.youtube.com/watch?v=J0IjKn1slU4,artifacts/bzcf_thumbnails/thumbs/161_구글! 믿고 있었다구.jpg
162,UTUsmzI0jBA,샘알트먼 OpenAI 1주일전 인터뷰,title_fallback_ocr_noisy,oS BZCF 다르다늘 a,샘알트먼 OpenAI 1주일전 인터뷰,https://www.youtube.com/watch?v=UTUsmzI0jBA,artifacts/bzcf_thumbnails/thumbs/162_샘알트먼 OpenAI 1주일전 인터뷰.jpg
163,7rZ3qFC-omc,인생11가지 조언,title_fallback_ocr_noisy,"Oy i) ""7 a ""8 OY 실리콘발리현사론 오 ai 11가지 인생조언 22",인생11가지 조언,https://www.youtube.com/watch?v=7rZ3qFC-omc,artifacts/bzcf_thumbnails/thumbs/163_인생11가지 조언.jpg
164,pJ-zmU92xJk,실리콘밸리의 현자,ocr_confirmed_title_cleaned,we. BZCF 2 Ke 실리콘밸리의현자,실리콘밸리의 현자,https://www.youtube.com/watch?v=pJ-zmU92xJk,artifacts/bzcf_thumbnails/thumbs/164_실리콘밸리의 현자.jpg
165,q_pQtkumIVo,현시점 가장 주목받는 회사 (팔란티어),title_fallback_ocr_noisy,"으아 CF ae eS 고 SE"" 00102 “^ s 7 ¥- 중요한사람 F ofl “ie",현시점 가장 주목받는 회사 (팔란티어),https://www.youtube.com/watch?v=q_pQtkumIVo,artifacts/bzcf_thumbnails/thumbs/165_현시점 가장 주목받는 회사 (팔란티어).jpg
166,OFNTyEdGkGQ,"일론머스크, 뉴럴링크, 매트릭스",title_fallback_ocr_noisy,"""~ Lolth a 개 BZCF 0 ost) Ba UU BP Gs a8 4 he 이 126 an 1 lado) 235 6 Pip eeds 시 Vip 나 an tle -개 ERS seed. 3 이 으라 이 eee ee nS 닌 ys 더 리그 {1 oe oO 그가 꿈꾸는 <n %.","일론머스크, 뉴럴링크, 매트릭스",https://www.youtube.com/watch?v=OFNTyEdGkGQ,"artifacts/bzcf_thumbnails/thumbs/166_일론머스크, 뉴럴링크, 매트릭스.jpg"
167,TdXr8oFvVZ4,일론 머스크 트럼프 조합,title_fallback_ocr_noisy,"ae, ™, 개 ~. a xk a 6 20 x Kk LS yen “Sas ~~ 의 a) |? 그의 3 그림",일론 머스크 트럼프 조합,https://www.youtube.com/watch?v=TdXr8oFvVZ4,artifacts/bzcf_thumbnails/thumbs/167_일론 머스크 트럼프 조합.jpg
168,kY-JRxaRuh4,대표가 직접합니다 (에어비엔비),title_fallback_ocr_noisy,이 Tiga) Pt 0 0 307 1 (Qs airbnb qe v 상업자모드 wv,대표가 직접합니다 (에어비엔비),https://www.youtube.com/watch?v=kY-JRxaRuh4,artifacts/bzcf_thumbnails/thumbs/168_대표가 직접합니다 (에어비엔비).jpg
169,lE3PlPhjy-w,저걸 사람 혼자서 다해?,title_fallback_ocr_noisy,타테 a. ar x V x 00 -쓸= 다 몸이 몇 HOF?,저걸 사람 혼자서 다해?,https://www.youtube.com/watch?v=lE3PlPhjy-w,artifacts/bzcf_thumbnails/thumbs/169_저걸 사람 혼자서 다해.jpg
170,w5BhMyT_GEk,사업은 이렇게 하는거다,title_fallback_ocr_noisy,수 얼 피터 틸이 강의해 ry,사업은 이렇게 하는거다,https://www.youtube.com/watch?v=w5BhMyT_GEk,artifacts/bzcf_thumbnails/thumbs/170_사업은 이렇게 하는거다.jpg
171,cTV-pv4aI20,??? : 돈 더벌어서 뭐할래,title_fallback_ocr_noisy,4 호 “AN Ye 시이 a fei 141 ir i,??? : 돈 더벌어서 뭐할래,https://www.youtube.com/watch?v=cTV-pv4aI20,artifacts/bzcf_thumbnails/thumbs/171_돈 더벌어서 뭐할래.jpg
172,D-y8d7ksfbA,앞으로 일할 방식,title_fallback_ocr_noisy,oe 7 BZCF 대기업꼭 ./ =솔0 안가도됩니다 ‘4,앞으로 일할 방식,https://www.youtube.com/watch?v=D-y8d7ksfbA,artifacts/bzcf_thumbnails/thumbs/172_앞으로 일할 방식.jpg
173,Omh2mOj2p3U,더 높은 수준 (릭 루빈),title_fallback_ocr_noisy,"~경 1 oy 0 BZCF 그 ee ae le ats 66 Ve ee S&S SEAS We a 7 46 tes ""TRL 2 oe PS 더 ~” oO s 더 00” or C LL ol mas my 때 wen",더 높은 수준 (릭 루빈),https://www.youtube.com/watch?v=Omh2mOj2p3U,artifacts/bzcf_thumbnails/thumbs/173_더 높은 수준 (릭 루빈).jpg
174,ZC1z2YTVvhg,구글 전 대표의 한 마디,title_fallback_ocr_noisy,oe 은아! We g 기 5년 뒤에는 진짜다바끼다고,구글 전 대표의 한 마디,https://www.youtube.com/watch?v=ZC1z2YTVvhg,artifacts/bzcf_thumbnails/thumbs/174_구글 전 대표의 한 마디.jpg
175,3VVA47ymfJc,정해진 대로 사세요 (피터틸),ocr_confirmed_title_cleaned,BZCF 0 정해진대로시세요,정해진 대로 사세요 (피터틸),https://www.youtube.com/watch?v=3VVA47ymfJc,artifacts/bzcf_thumbnails/thumbs/175_정해진 대로 사세요 (피터틸).jpg
176,y2a3lLjjTGI,삶은 유한하니까.. (랜디 포시 교수),title_fallback_ocr_noisy,"22 prcr |. 9 ""개 AY 노니 g. ~. 8“ 개 우리에게주어진시간.",삶은 유한하니까.. (랜디 포시 교수),https://www.youtube.com/watch?v=y2a3lLjjTGI,artifacts/bzcf_thumbnails/thumbs/176_삶은 유한하니까.. (랜디 포시 교수).jpg
177,j6kVvvJN6TY,머스크의 인공지능 회사 (xAI),title_fallback_ocr_noisy,"geen os, r 7 a 질거면시작도얀했다",머스크의 인공지능 회사 (xAI),https://www.youtube.com/watch?v=j6kVvvJN6TY,artifacts/bzcf_thumbnails/thumbs/177_머스크의 인공지능 회사 (xAI).jpg
178,RVIVimZYh1s,찰리멍거 : 현대차는 ...,title_fallback_ocr_noisy,"4 BZCF Cia HYUNDAI —_ 잘리멍거, 야시이인들은. 홈",찰리멍거 : 현대차는 ...,https://www.youtube.com/watch?v=RVIVimZYh1s,artifacts/bzcf_thumbnails/thumbs/178_찰리멍거 현대차는.jpg
179,TmUhCIMUy20,사업하는 법 (샘 알트먼),ocr_confirmed_title_cleaned,기 BZCF a A 사업하는 nf 7,사업하는 법 (샘 알트먼),https://www.youtube.com/watch?v=TmUhCIMUy20,artifacts/bzcf_thumbnails/thumbs/179_사업하는 법 (샘 알트먼).jpg
180,wTNqVuecpy0,뉴럴링크 최신발표 (일론머스크),title_fallback_ocr_noisy,x 1 SO F Ret BS 넥스트아이폰 1 립때 oo ca,뉴럴링크 최신발표 (일론머스크),https://www.youtube.com/watch?v=wTNqVuecpy0,artifacts/bzcf_thumbnails/thumbs/180_뉴럴링크 최신발표 (일론머스크).jpg
181,b0NzgO1zCSU,"인공지능, 버블인가? (Coatue)",ocr_confirmed_title_cleaned,"weve, 00 인공자능, 버블인가?","인공지능, 버블인가? (Coatue)",https://www.youtube.com/watch?v=b0NzgO1zCSU,"artifacts/bzcf_thumbnails/thumbs/181_인공지능, 버블인가 (Coatue).jpg"
182,t8v0cHn_LRc,로저 페더러 다트머스 졸업연설,title_fallback_ocr_noisy,이 |= 방 Ea,로저 페더러 다트머스 졸업연설,https://www.youtube.com/watch?v=t8v0cHn_LRc,artifacts/bzcf_thumbnails/thumbs/182_로저 페더러 다트머스 졸업연설.jpg
183,O5vFGHRbiFE,젠슨황 칼텍 졸업연설,ocr_confirmed_title_cleaned,x 칼텍졸업연설-ㅡ- “^ ~”,젠슨황 칼텍 졸업연설,https://www.youtube.com/watch?v=O5vFGHRbiFE,artifacts/bzcf_thumbnails/thumbs/183_젠슨황 칼텍 졸업연설.jpg
184,MZsp0L5ITGU,일론 머스크 전설의 인터뷰 (2009),title_fallback_ocr_noisy,분 저는 믿어요,일론 머스크 전설의 인터뷰 (2009),https://www.youtube.com/watch?v=MZsp0L5ITGU,artifacts/bzcf_thumbnails/thumbs/184_일론 머스크 전설의 인터뷰 (2009).jpg
185,gvNTPi2ibDQ,수준이 정말 높다,title_fallback_ocr_noisy,ee 0 가 olf zs a4 일론 중국 인터뷰,수준이 정말 높다,https://www.youtube.com/watch?v=gvNTPi2ibDQ,artifacts/bzcf_thumbnails/thumbs/185_수준이 정말 높다.jpg
186,w8OT1nbuhMI,JP모건체이스 제이미다이먼 단독 인터뷰,title_fallback_ocr_noisy,J.P Vegean,JP모건체이스 제이미다이먼 단독 인터뷰,https://www.youtube.com/watch?v=w8OT1nbuhMI,artifacts/bzcf_thumbnails/thumbs/186_JP모건체이스 제이미다이먼 단독 인터뷰.jpg
187,rJKSY4UJCn4,인공지능 발전의 진짜 병목 (마크 저커버그),title_fallback_ocr_noisy,DB. 때 을 을 4,인공지능 발전의 진짜 병목 (마크 저커버그),https://www.youtube.com/watch?v=rJKSY4UJCn4,artifacts/bzcf_thumbnails/thumbs/187_인공지능 발전의 진짜 병목 (마크 저커버그).jpg
188,jfzlQOzn0wY,찰리멍거 촌철살인 모음 (버크셔해서웨이 주주총회),title_fallback_ocr_noisy,os Nee] <i a7 eel 독설가 찰리멍,찰리멍거 촌철살인 모음 (버크셔해서웨이 주주총회),https://www.youtube.com/watch?v=jfzlQOzn0wY,artifacts/bzcf_thumbnails/thumbs/188_찰리멍거 촌철살인 모음 (버크셔해서웨이 주주총회).jpg
189,QtM9UDyf6cQ,사람들이 더 똑똑해질 수 있게 (노션 창업자 인터뷰),title_fallback_ocr_noisy,gi fs tn) ig 1 년 5년만에10조회사,사람들이 더 똑똑해질 수 있게 (노션 창업자 인터뷰),https://www.youtube.com/watch?v=QtM9UDyf6cQ,artifacts/bzcf_thumbnails/thumbs/189_사람들이 더 똑똑해질 수 있게 (노션 창업자 인터뷰).jpg
190,fMpHU6saK3I,일론 머스크와 일한 반도체 전설 (짐 켈러),title_fallback_ocr_noisy,00 0 oer 4,일론 머스크와 일한 반도체 전설 (짐 켈러),https://www.youtube.com/watch?v=fMpHU6saK3I,artifacts/bzcf_thumbnails/thumbs/190_일론 머스크와 일한 반도체 전설 (짐 켈러).jpg
191,Sidh1GV1uG4,"일론머스크 2주전 최신 인터뷰 (인공지능, 자율주행, 전력, 에너지)",title_fallback_ocr_noisy,ail 4§ 0 “06 하루하루카 널 이무ㅇ 두 Ls Eh) SSG,"일론머스크 2주전 최신 인터뷰 (인공지능, 자율주행, 전력, 에너지)",https://www.youtube.com/watch?v=Sidh1GV1uG4,"artifacts/bzcf_thumbnails/thumbs/191_일론머스크 2주전 최신 인터뷰 (인공지능, 자율주행, 전력, 에너지).jpg"
192,iwXr1IRaqWA,일류와 이류의 차이 (반도체 전설 짐켈러),title_fallback_ocr_noisy,"진짜잘하는사람은"" 이렇게생각한다",일류와 이류의 차이 (반도체 전설 짐켈러),https://www.youtube.com/watch?v=iwXr1IRaqWA,artifacts/bzcf_thumbnails/thumbs/192_일류와 이류의 차이 (반도체 전설 짐켈러).jpg
193,2fbqtTTWc9o,14살 중학생에게 주는 조언 (엔비디아 창업자 젠슨 황),title_fallback_ocr_noisy,"""~ i] ees a 문제를해결하세요,",14살 중학생에게 주는 조언 (엔비디아 창업자 젠슨 황),https://www.youtube.com/watch?v=2fbqtTTWc9o,artifacts/bzcf_thumbnails/thumbs/193_14살 중학생에게 주는 조언 (엔비디아 창업자 젠슨 황).jpg
194,Z-aj2AYIJWY,일론 머스크의 채용 방식 (트위터 대량 해고),title_fallback_ocr_noisy,3 ee 제대로일하고싶어요,일론 머스크의 채용 방식 (트위터 대량 해고),https://www.youtube.com/watch?v=Z-aj2AYIJWY,artifacts/bzcf_thumbnails/thumbs/194_일론 머스크의 채용 방식 (트위터 대량 해고).jpg
195,oCEqp0b-WXM,일론머스크 샘알트먼 두 천재의 대화,title_fallback_ocr_noisy,고 사타 천재들의대화,일론머스크 샘알트먼 두 천재의 대화,https://www.youtube.com/watch?v=oCEqp0b-WXM,artifacts/bzcf_thumbnails/thumbs/195_일론머스크 샘알트먼 두 천재의 대화.jpg
196,7FzZhPguB-o,억만장자의 하루 그리고 아마존의 미팅 방법,title_fallback_ocr_noisy,"ea” Wrz) 7 ie he 77 Pa Bs 1, 억만장자 일상",억만장자의 하루 그리고 아마존의 미팅 방법,https://www.youtube.com/watch?v=7FzZhPguB-o,artifacts/bzcf_thumbnails/thumbs/196_억만장자의 하루 그리고 아마존의 미팅 방법.jpg
197,gYpiT0dXhvA,5000만 뷰 대명작 강의 - 미루는 사람들의 뇌구조 (팀 어번),title_fallback_ocr_noisy,"00000 우게 ae Procrastinator’s Brain ”… ae el. orton 이 iy 00 (a) I pry votre py at oof 에 rere meng ve ""haan 그 Ketan 0 ‘i i R Ae an aa 1 L 미르 사람",5000만 뷰 대명작 강의 - 미루는 사람들의 뇌구조 (팀 어번),https://www.youtube.com/watch?v=gYpiT0dXhvA,artifacts/bzcf_thumbnails/thumbs/197_5000만 뷰 대명작 강의 - 미루는 사람들의 뇌구조 (팀 어번).jpg
198,NIDICT3K_Ug,16년 전에도 똑같았습니다 (일론 머스크),title_fallback_ocr_noisy,2007년 인터뷰,16년 전에도 똑같았습니다 (일론 머스크),https://www.youtube.com/watch?v=NIDICT3K_Ug,artifacts/bzcf_thumbnails/thumbs/198_16년 전에도 똑같았습니다 (일론 머스크).jpg
199,mP5SYrK4fMQ,1800만 뷰 대명작 강의 - 왜 해야하는가? (개정번역) (사이먼 시넥),title_fallback_ocr_noisy,co G ae a <4 1 기 ar i. Ce oe with iw,1800만 뷰 대명작 강의 - 왜 해야하는가? (개정번역) (사이먼 시넥),https://www.youtube.com/watch?v=mP5SYrK4fMQ,artifacts/bzcf_thumbnails/thumbs/199_1800만 뷰 대명작 강의 - 왜 해야하는가 (개정번역) (사이먼 시넥).jpg
200,KQK7G8EiSqM,찰리멍거 마지막 인터뷰,ocr_confirmed_title_cleaned,"기주 Dike yy wre 4 Arp OA ee 찰리멍거 SS, o 1브 마지막 인터뷰",찰리멍거 마지막 인터뷰,https://www.youtube.com/watch?v=KQK7G8EiSqM,artifacts/bzcf_thumbnails/thumbs/200_찰리멍거 마지막 인터뷰.jpg
201,LUnDs988vEc,스티브잡스 옆에서 일하며 배운 10가지,ocr_confirmed_title_cleaned,JA 스티브잡스 것 10가지 배운점,스티브잡스 옆에서 일하며 배운 10가지,https://www.youtube.com/watch?v=LUnDs988vEc,artifacts/bzcf_thumbnails/thumbs/201_스티브잡스 옆에서 일하며 배운 10가지.jpg
202,5qWkACrxjfQ,MZ세대의 4가지 문제점 (사이먼 시넥),title_fallback_ocr_noisy,AO AI 4 MZAICHS] 문제},MZ세대의 4가지 문제점 (사이먼 시넥),https://www.youtube.com/watch?v=5qWkACrxjfQ,artifacts/bzcf_thumbnails/thumbs/202_MZ세대의 4가지 문제점 (사이먼 시넥).jpg
203,iKiFrIUDVcA,그리고 살아남는 법 (짐 도노반),title_fallback_ocr_noisy,"골드만삭스"" 취업ㅇ6 느 7 TE“ iL... Ei",그리고 살아남는 법 (짐 도노반),https://www.youtube.com/watch?v=iKiFrIUDVcA,artifacts/bzcf_thumbnails/thumbs/203_그리고 살아남는 법 (짐 도노반).jpg
204,vZSzdDOKq4o,버크셔 부회장 찰리멍거의 사고모델,title_fallback_ocr_noisy,"는 iter, A S 거꾸로 생각하면 문제가 플립니다",버크셔 부회장 찰리멍거의 사고모델,https://www.youtube.com/watch?v=vZSzdDOKq4o,artifacts/bzcf_thumbnails/thumbs/204_버크셔 부회장 찰리멍거의 사고모델.jpg
205,nSQudySPmW4,그러니까 이것저것 다 시도해보세요 (인생강의),title_fallback_ocr_noisy,제 A Rg Rees 5 때 인생 어떻게 풀릴지혈 이무도 모름니다 삐,그러니까 이것저것 다 시도해보세요 (인생강의),https://www.youtube.com/watch?v=nSQudySPmW4,artifacts/bzcf_thumbnails/thumbs/205_그러니까 이것저것 다 시도해보세요 (인생강의).jpg
206,2swkdCdkfz0,뉴욕타임즈 30년 경력기자가 말해주는 글 잘 쓰는 법,title_fallback_ocr_noisy,Ff Rad. ee x a a 그으 자 때) (1. 이 영상을 보세요,뉴욕타임즈 30년 경력기자가 말해주는 글 잘 쓰는 법,https://www.youtube.com/watch?v=2swkdCdkfz0,artifacts/bzcf_thumbnails/thumbs/206_뉴욕타임즈 30년 경력기자가 말해주는 글 잘 쓰는 법.jpg
207,73asqjYC8WY,위대한 성과를 만든 사람들의 공통점 (원제 : You and Your Research),title_fallback_ocr_noisy,4 샘 알트먼이- yp. 추천한 인생강의,위대한 성과를 만든 사람들의 공통점 (원제 : You and Your Research),https://www.youtube.com/watch?v=73asqjYC8WY,artifacts/bzcf_thumbnails/thumbs/207_위대한 성과를 만든 사람들의 공통점 (원제 You and Your Research).jpg
208,Si7WfBeX5OY,바쁘게 산다고 성공하는 것 아닙니다 (샘 알트먼),title_fallback_ocr_noisy,Py 30650: 년은 짧다 개,바쁘게 산다고 성공하는 것 아닙니다 (샘 알트먼),https://www.youtube.com/watch?v=Si7WfBeX5OY,artifacts/bzcf_thumbnails/thumbs/208_바쁘게 산다고 성공하는 것 아닙니다 (샘 알트먼).jpg
209,CmAAaMiNfjE,"1조에 회사를 매각한 사업가, 더 행복해졌을까?",title_fallback_ocr_noisy,"~) 고 7400 fi 31살,1조원에 회사 매각 I ""기 ahd Ped a 수 990: 기] SENS IA. == 4) t?","1조에 회사를 매각한 사업가, 더 행복해졌을까?",https://www.youtube.com/watch?v=CmAAaMiNfjE,"artifacts/bzcf_thumbnails/thumbs/209_1조에 회사를 매각한 사업가, 더 행복해졌을까.jpg"
210,VzLlT3HXf5M,골드만삭스 짐 도노반 부회장 | 성과를 만드는 10계명 (Feat. 250만뷰 인생강의),title_fallback_ocr_noisy,Goldman sachs ri 성과를 만드는 10가지 기술 *;,골드만삭스 짐 도노반 부회장 | 성과를 만드는 10계명 (Feat. 250만뷰 인생강의),https://www.youtube.com/watch?v=VzLlT3HXf5M,artifacts/bzcf_thumbnails/thumbs/210_골드만삭스 짐 도노반 부회장 성과를 만드는 10계명 (Feat. 250만뷰 인생강의).jpg
211,Nt0lCENkiK0,일론머스크가 생각하는 방법 | 1원칙 사고법,title_fallback_ocr_noisy,"""é igitigpos \\",일론머스크가 생각하는 방법 | 1원칙 사고법,https://www.youtube.com/watch?v=Nt0lCENkiK0,artifacts/bzcf_thumbnails/thumbs/211_일론머스크가 생각하는 방법 1원칙 사고법.jpg
212,DWlPgRy0G90,롤렉스가 왜 필요합니까?,ocr_confirmed_title_cleaned,"0” 6. 0” i CHA 돌렉스 L OH 필요합니까?""",롤렉스가 왜 필요합니까?,https://www.youtube.com/watch?v=DWlPgRy0G90,artifacts/bzcf_thumbnails/thumbs/212_롤렉스가 왜 필요합니까.jpg
213,xw7dKmIoFvo,일론 머스크 최신 인터뷰 | 생각의 수준이 다르다 (Part 2),title_fallback_ocr_noisy,"aS. WE HAS, iy, FF AEF leh Dry 으 S Cece Se’",일론 머스크 최신 인터뷰 | 생각의 수준이 다르다 (Part 2),https://www.youtube.com/watch?v=xw7dKmIoFvo,artifacts/bzcf_thumbnails/thumbs/213_일론 머스크 최신 인터뷰 생각의 수준이 다르다 (Part 2).jpg
214,NG8UPFr2FEo,20년 동안 100배 성장한 사모펀드 | 성공하고 싶은 20대에게 주는 4가지 조언 | Alpine Investors 창업자 그래햄 위버,ocr_confirmed_title_cleaned,"도그 |20년 동안100배성장한사모펀드"" 성공하고 싶은 20대에게 주는 4가지 조언",20년 동안 100배 성장한 사모펀드 | 성공하고 싶은 20대에게 주는 4가지 조언 | Alpine Investors 창업자 그래햄 위버,https://www.youtube.com/watch?v=NG8UPFr2FEo,artifacts/bzcf_thumbnails/thumbs/214_20년 동안 100배 성장한 사모펀드 성공하고 싶은 20대에게 주는 4가지 조언 Alpine Investors 창업자 그래햄 위버.jpg
215,iZ578Py8WLo,KKR | 세계 최고 사모펀드의 아시아계 CEO 조셉 배,ocr_confirmed_title_cleaned,KKR 최초 아계 CEO 조셉 HH,KKR | 세계 최고 사모펀드의 아시아계 CEO 조셉 배,https://www.youtube.com/watch?v=iZ578Py8WLo,artifacts/bzcf_thumbnails/thumbs/215_KKR 세계 최고 사모펀드의 아시아계 CEO 조셉 배.jpg
216,ARm46hlRtCA,찰리멍거 | 훌륭한 삶을 살기 위한 현명한 투자자의 조언,ocr_confirmed_title_cleaned,a es eyo 살기 위한 현명한 Mea! 투자자의 조언,찰리멍거 | 훌륭한 삶을 살기 위한 현명한 투자자의 조언,https://www.youtube.com/watch?v=ARm46hlRtCA,artifacts/bzcf_thumbnails/thumbs/216_찰리멍거 훌륭한 삶을 살기 위한 현명한 투자자의 조언.jpg
217,zAcl1fVKkoU,"워렌버핏 | 아무리 많은 사람이 떠들어도, 결국 본질은 하나",title_fallback_ocr_noisy,"4 q 5 도 ""개 oe ee 사람듣이 떠듣어도루","워렌버핏 | 아무리 많은 사람이 떠들어도, 결국 본질은 하나",https://www.youtube.com/watch?v=zAcl1fVKkoU,"artifacts/bzcf_thumbnails/thumbs/217_워렌버핏 아무리 많은 사람이 떠들어도, 결국 본질은 하나.jpg"
218,gSSzeMPpU3c,버크셔헤서웨이 2023 주주총회 | 2023년에 남기는 삶의 조언들,ocr_confirmed_title_cleaned,"ee il Sey Ah, Bae =! 워렌 버핏이 2023년에 주는 조언",버크셔헤서웨이 2023 주주총회 | 2023년에 남기는 삶의 조언들,https://www.youtube.com/watch?v=gSSzeMPpU3c,artifacts/bzcf_thumbnails/thumbs/218_버크셔헤서웨이 2023 주주총회 2023년에 남기는 삶의 조언들.jpg
219,efgIt8MxZ4c,찰리 멍거 | 인생을 살아가는 데 도움이 되는 몇 가지 조언들,title_fallback_ocr_noisy,ao V a Wwe eS it 7 0 Se 대 we 0 4 1 란나 고란 hed a 인생의 일곱가지 조언,찰리 멍거 | 인생을 살아가는 데 도움이 되는 몇 가지 조언들,https://www.youtube.com/watch?v=efgIt8MxZ4c,artifacts/bzcf_thumbnails/thumbs/219_찰리 멍거 인생을 살아가는 데 도움이 되는 몇 가지 조언들.jpg
220,FdkTL-fJ65k,테슬라 CEO 일론머스크와 엔비디아 CEO 젠슨황의 대화 | 거인들의 통찰 | Tesla CEO Elon Musk with NVIDIA CEO Jen Hsun Huang,title_fallback_ocr_noisy,"‘a aN 00 ed 5 젠슨 황,일론머스크",테슬라 CEO 일론머스크와 엔비디아 CEO 젠슨황의 대화 | 거인들의 통찰 | Tesla CEO Elon Musk with NVIDIA CEO Jen Hsun Huang,https://www.youtube.com/watch?v=FdkTL-fJ65k,artifacts/bzcf_thumbnails/thumbs/220_테슬라 CEO 일론머스크와 엔비디아 CEO 젠슨황의 대화 거인들의 통찰 Tesla CEO Elon Musk with NVIDIA CEO Jen Hsun Huang.jpg
