index,video_id,label,new_path,url
1,Q92XMo8tX14,명문대 나와도 불행한 이유,artifacts/bzcf_thumbnails/thumbs/001_명문대 나와도 불행한 이유.jpg,https://www.youtube.com/watch?v=Q92XMo8tX14
2,4qgkk-gVolg,실리콘밸리 대물의 생각,artifacts/bzcf_thumbnails/thumbs/002_실리콘밸리 대물의 생각.jpg,https://www.youtube.com/watch?v=4qgkk-gVolg
3,LOgOClpa59w,애플 대표는 역시 다르다,artifacts/bzcf_thumbnails/thumbs/003_애플 대표는 역시 다르다.jpg,https://www.youtube.com/watch?v=LOgOClpa59w
4,TR__iP-x3Kk,AI? 사람 더 뽑는다 (듀오링고),artifacts/bzcf_thumbnails/thumbs/004_AI 사람 더 뽑는다 (듀오링고).jpg,https://www.youtube.com/watch?v=TR__iP-x3Kk
5,bsrvNVzaYrU,워렌버핏 주주총회 인터뷰 전체번역 (최신),artifacts/bzcf_thumbnails/thumbs/005_워렌버핏 주주총회 인터뷰 전체번역 (최신).jpg,https://www.youtube.com/watch?v=bsrvNVzaYrU
6,-E9chn_gtfY,코딩 한줄도 안했음 ㅠㅠ (안드레 카파시),artifacts/bzcf_thumbnails/thumbs/006_코딩 한줄도 안했음 ㅠㅠ (안드레 카파시).jpg,https://www.youtube.com/watch?v=-E9chn_gtfY
7,22rHtB98pd0,어짜피 한번인데 맘대로 사세요 제발로,artifacts/bzcf_thumbnails/thumbs/007_어짜피 한번인데 맘대로 사세요 제발로.jpg,https://www.youtube.com/watch?v=22rHtB98pd0
8,04EO9Qqi_Wk,Artificial intelligence is stupid! It's stupid! (Yan LeCun),artifacts/bzcf_thumbnails/thumbs/008_Artificial intelligence is stupid! It's stupid! (Yan LeCun).jpg,https://www.youtube.com/watch?v=04EO9Qqi_Wk
9,mxxf_o_jrPk,"'정답, 찍어줄게' (데미스 하사비스)","artifacts/bzcf_thumbnails/thumbs/009_'정답, 찍어줄게' (데미스 하사비스).jpg",https://www.youtube.com/watch?v=mxxf_o_jrPk
10,cboYfv5PYDg,'눈이 떠지는 영상'  (로빈후드 CEO),artifacts/bzcf_thumbnails/thumbs/010_'눈이 떠지는 영상' (로빈후드 CEO).jpg,https://www.youtube.com/watch?v=cboYfv5PYDg
11,djCrbyyY7D0,Gaslighting that you can succeed if you try,artifacts/bzcf_thumbnails/thumbs/011_Gaslighting that you can succeed if you try.jpg,https://www.youtube.com/watch?v=djCrbyyY7D0
12,3A67nkTR_50,미국 걱정 하지마라 (JP모건체이스 회장),artifacts/bzcf_thumbnails/thumbs/012_미국 걱정 하지마라 (JP모건체이스 회장).jpg,https://www.youtube.com/watch?v=3A67nkTR_50
13,hD5wqxB9txc,"나 젠슨황, 미래가 보인다","artifacts/bzcf_thumbnails/thumbs/013_나 젠슨황, 미래가 보인다.jpg",https://www.youtube.com/watch?v=hD5wqxB9txc
14,2ymvyxlwrfc,"""사업 잘하는 사람은 이유가 있다"" (세콰이어 캐피탈)",artifacts/bzcf_thumbnails/thumbs/014_사업 잘하는 사람은 이유가 있다 (세콰이어 캐피탈).jpg,https://www.youtube.com/watch?v=2ymvyxlwrfc
15,TlpFc7x8SHo,AI-native organization (Twitter founder Jack Dorsey),artifacts/bzcf_thumbnails/thumbs/015_AI-native organization (Twitter founder Jack Dorsey).jpg,https://www.youtube.com/watch?v=TlpFc7x8SHo
16,_Q35uHjJVzw,"""운명의 짝, 그런 거 없다."" (알랭드 보통)","artifacts/bzcf_thumbnails/thumbs/016_운명의 짝, 그런 거 없다. (알랭드 보통).jpg",https://www.youtube.com/watch?v=_Q35uHjJVzw
17,L7pMU7BwplY,High-level conversation (former Google representative),artifacts/bzcf_thumbnails/thumbs/017_High-level conversation (former Google representative).jpg,https://www.youtube.com/watch?v=L7pMU7BwplY
18,RNnN7qtVDM0,제발 필요한 일만 하세요,artifacts/bzcf_thumbnails/thumbs/018_제발 필요한 일만 하세요.jpg,https://www.youtube.com/watch?v=RNnN7qtVDM0
19,KEsIXq6NG3o,"""잡생각 금지"" (엔비디아 젠슨 황)",artifacts/bzcf_thumbnails/thumbs/019_잡생각 금지 (엔비디아 젠슨 황).jpg,https://www.youtube.com/watch?v=KEsIXq6NG3o
20,laj9Xpp9F1M,Korean Translation | Warren Buffett Official Interview After Retirement,artifacts/bzcf_thumbnails/thumbs/020_Korean Translation Warren Buffett Official Interview After Retirement.jpg,https://www.youtube.com/watch?v=laj9Xpp9F1M
21,wA80QMgLMGg,살자 제발 맘대로 (짐 캐리),artifacts/bzcf_thumbnails/thumbs/021_살자 제발 맘대로 (짐 캐리).jpg,https://www.youtube.com/watch?v=wA80QMgLMGg
22,QQXCPn-XfOY,"""중국을 객관적으로 보자"" (엔비디아 젠슨황)",artifacts/bzcf_thumbnails/thumbs/022_중국을 객관적으로 보자 (엔비디아 젠슨황).jpg,https://www.youtube.com/watch?v=QQXCPn-XfOY
23,YiHf4sVHays,"""그냥 엔비디아 사시면 됩니다""",artifacts/bzcf_thumbnails/thumbs/023_그냥 엔비디아 사시면 됩니다.jpg,https://www.youtube.com/watch?v=YiHf4sVHays
24,KnIA9c3ka_M,"피터틸, 안두릴, 그리고 은행","artifacts/bzcf_thumbnails/thumbs/024_피터틸, 안두릴, 그리고 은행.jpg",https://www.youtube.com/watch?v=KnIA9c3ka_M
25,4jH_nFzt0Ng,"""호들갑 떨지마"" (하워드 막스)",artifacts/bzcf_thumbnails/thumbs/025_호들갑 떨지마 (하워드 막스).jpg,https://www.youtube.com/watch?v=4jH_nFzt0Ng
26,KmLJRg-ajG0,"""개발은 이제 배우지마"" (앤트로픽 대표)",artifacts/bzcf_thumbnails/thumbs/026_개발은 이제 배우지마 (앤트로픽 대표).jpg,https://www.youtube.com/watch?v=KmLJRg-ajG0
27,FC_RA_7b-zU,"""핸드폰좀 그만 봐"" (타일러 더 크리에이터)",artifacts/bzcf_thumbnails/thumbs/027_핸드폰좀 그만 봐 (타일러 더 크리에이터).jpg,https://www.youtube.com/watch?v=FC_RA_7b-zU
28,T8RD1OZ01Pw,"""일론에게 풀베팅 간다"" (테슬라 초기 투자자 론 바론)",artifacts/bzcf_thumbnails/thumbs/028_일론에게 풀베팅 간다 (테슬라 초기 투자자 론 바론).jpg,https://www.youtube.com/watch?v=T8RD1OZ01Pw
29,NrtrXIgX2E8,"""테슬라 반도체 만든다""",artifacts/bzcf_thumbnails/thumbs/029_테슬라 반도체 만든다.jpg,https://www.youtube.com/watch?v=NrtrXIgX2E8
30,5Y431jwqTiU,반도체 이제 10% 왔다 (반도체 전설 짐켈러),artifacts/bzcf_thumbnails/thumbs/030_반도체 이제 10% 왔다 (반도체 전설 짐켈러).jpg,https://www.youtube.com/watch?v=5Y431jwqTiU
31,kJ1xwyAxcpQ,"""나는 봤어 미래를"" (일론 머스크)",artifacts/bzcf_thumbnails/thumbs/031_나는 봤어 미래를 (일론 머스크).jpg,https://www.youtube.com/watch?v=kJ1xwyAxcpQ
32,kUUJ1rnQwGs,"""그냥 테슬라 사세요"" (일론 머스크)",artifacts/bzcf_thumbnails/thumbs/032_그냥 테슬라 사세요 (일론 머스크).jpg,https://www.youtube.com/watch?v=kUUJ1rnQwGs
33,cVPV-iTvmYQ,"""인공지능은 쓰나미"" (앤트로픽 CEO 인터뷰)",artifacts/bzcf_thumbnails/thumbs/033_인공지능은 쓰나미 (앤트로픽 CEO 인터뷰).jpg,https://www.youtube.com/watch?v=cVPV-iTvmYQ
34,Gag2kz3C7_8,"""투자하시면 꼭 보세요"" (스탠리 드러켄밀러)",artifacts/bzcf_thumbnails/thumbs/034_투자하시면 꼭 보세요 (스탠리 드러켄밀러).jpg,https://www.youtube.com/watch?v=Gag2kz3C7_8
35,6CyopBiXtEI,"""I'm betting on you"" (Skin in the Game, Nassim Taleb)","artifacts/bzcf_thumbnails/thumbs/035_I'm betting on you (Skin in the Game, Nassim Taleb).jpg",https://www.youtube.com/watch?v=6CyopBiXtEI
36,AEZw0oEkfR0,"The ""Time Management"" of a 5 Trillion Won Company Founder",artifacts/bzcf_thumbnails/thumbs/036_The Time Management of a 5 Trillion Won Company Founder.jpg,https://www.youtube.com/watch?v=AEZw0oEkfR0
37,0dlxRdbq-0Q,"""나에게 시간이 더 있다면""",artifacts/bzcf_thumbnails/thumbs/037_나에게 시간이 더 있다면.jpg,https://www.youtube.com/watch?v=0dlxRdbq-0Q
38,MI1uF10laRs,"""시대 흐름에 반하지 마"" (오픈클로 개발자)",artifacts/bzcf_thumbnails/thumbs/038_시대 흐름에 반하지 마 (오픈클로 개발자).jpg,https://www.youtube.com/watch?v=MI1uF10laRs
39,s0yLaj-3-aw,"""24살 창업, 29살 코스닥 상장"" (다음 창업자 이택경 대표) (현 매쉬업벤처스 대표)","artifacts/bzcf_thumbnails/thumbs/039_24살 창업, 29살 코스닥 상장 (다음 창업자 이택경 대표) (현 매쉬업벤처스 대표).jpg",https://www.youtube.com/watch?v=s0yLaj-3-aw
40,YEzALU9tWBg,"""What a 50-Year-Old Billionaire Realized"" (Chamath)",artifacts/bzcf_thumbnails/thumbs/040_What a 50-Year-Old Billionaire Realized (Chamath).jpg,https://www.youtube.com/watch?v=YEzALU9tWBg
41,7apM-N2ImOs,개 쩌는 대화 (안드레 카파시),artifacts/bzcf_thumbnails/thumbs/041_개 쩌는 대화 (안드레 카파시).jpg,https://www.youtube.com/watch?v=7apM-N2ImOs
42,DXM9iD6OB-4,"""History repeats itself"" (Ray Dalio)",artifacts/bzcf_thumbnails/thumbs/042_History repeats itself (Ray Dalio).jpg,https://www.youtube.com/watch?v=DXM9iD6OB-4
43,VtHC0MabgRI,"""Now you figure it out"" (Trump's official statement)",artifacts/bzcf_thumbnails/thumbs/043_Now you figure it out (Trump's official statement).jpg,https://www.youtube.com/watch?v=VtHC0MabgRI
44,Dl1IuW8suJ0,Anthropic is a patriotic company.,artifacts/bzcf_thumbnails/thumbs/044_Anthropic is a patriotic company.jpg,https://www.youtube.com/watch?v=Dl1IuW8suJ0
45,BGJY0uO7p0k,"""중국은 대체 못해"" (젠슨 황)",artifacts/bzcf_thumbnails/thumbs/045_중국은 대체 못해 (젠슨 황).jpg,https://www.youtube.com/watch?v=BGJY0uO7p0k
46,OnNSlKSDhDM,세상은 이미 바뀌었는데 (샘 알트먼),artifacts/bzcf_thumbnails/thumbs/046_세상은 이미 바뀌었는데 (샘 알트먼).jpg,https://www.youtube.com/watch?v=OnNSlKSDhDM
47,HJRpYF7FKso,"""다들 죽기살기 모드"" (실리콘밸리)",artifacts/bzcf_thumbnails/thumbs/047_다들 죽기살기 모드 (실리콘밸리).jpg,https://www.youtube.com/watch?v=HJRpYF7FKso
48,6sVXPqlimuU,시간관리 3법칙 딱알려준다 (칼 뉴포트),artifacts/bzcf_thumbnails/thumbs/048_시간관리 3법칙 딱알려준다 (칼 뉴포트).jpg,https://www.youtube.com/watch?v=6sVXPqlimuU
49,Kt7cLrDMFwQ,The Dopamine-Filled Era (Onboard Group CEO Lee Hyeon-jong),artifacts/bzcf_thumbnails/thumbs/049_The Dopamine-Filled Era (Onboard Group CEO Lee Hyeon-jong).jpg,https://www.youtube.com/watch?v=Kt7cLrDMFwQ
50,y7R3oZDy7pA,"""내 말 들으라고"" (블랙록 래리핑크)",artifacts/bzcf_thumbnails/thumbs/050_내 말 들으라고 (블랙록 래리핑크).jpg,https://www.youtube.com/watch?v=y7R3oZDy7pA
51,UJ2wokHa4sU,"""싱가포르가 성공한 이유"" (리콴유)",artifacts/bzcf_thumbnails/thumbs/051_싱가포르가 성공한 이유 (리콴유).jpg,https://www.youtube.com/watch?v=UJ2wokHa4sU
52,7Re9B_yDzI0,1시간 볼만한 가치 있다 (a16z 풀인터뷰),artifacts/bzcf_thumbnails/thumbs/052_1시간 볼만한 가치 있다 (a16z 풀인터뷰).jpg,https://www.youtube.com/watch?v=7Re9B_yDzI0
53,56LR8Tmf6Jc,가난해지는 일본,artifacts/bzcf_thumbnails/thumbs/053_가난해지는 일본.jpg,https://www.youtube.com/watch?v=56LR8Tmf6Jc
54,e4O2jqQMG2s,오픈클로 개발자 단독 인터뷰,artifacts/bzcf_thumbnails/thumbs/054_오픈클로 개발자 단독 인터뷰.jpg,https://www.youtube.com/watch?v=e4O2jqQMG2s
55,gp3GzFFkz7Q,일론머스크는 천재가 맞다 (세콰이어 캐피탈 - SpaceX투자자),artifacts/bzcf_thumbnails/thumbs/055_일론머스크는 천재가 맞다 (세콰이어 캐피탈 - SpaceX투자자).jpg,https://www.youtube.com/watch?v=gp3GzFFkz7Q
56,gpwK8RMjr_g,"""탁상공론 개 싫다"" (팔란티어 알렉스카프)",artifacts/bzcf_thumbnails/thumbs/056_탁상공론 개 싫다 (팔란티어 알렉스카프).jpg,https://www.youtube.com/watch?v=gpwK8RMjr_g
57,u9BHHLOOgKE,제미나이는 독보적이다 (구글 딥마인드),artifacts/bzcf_thumbnails/thumbs/057_제미나이는 독보적이다 (구글 딥마인드).jpg,https://www.youtube.com/watch?v=u9BHHLOOgKE
58,95Izndx_caA,지금이라도 사라 비트코인,artifacts/bzcf_thumbnails/thumbs/058_지금이라도 사라 비트코인.jpg,https://www.youtube.com/watch?v=95Izndx_caA
59,_yumjhDbDWk,생각의 외주화,artifacts/bzcf_thumbnails/thumbs/059_생각의 외주화.jpg,https://www.youtube.com/watch?v=_yumjhDbDWk
60,y_xGQNJT-NQ,"""길어봐야 2년"" (앤트로픽)",artifacts/bzcf_thumbnails/thumbs/060_길어봐야 2년 (앤트로픽).jpg,https://www.youtube.com/watch?v=y_xGQNJT-NQ
61,bTQM3oEW0gk,가슴이 웅장해지는 (딥마인드 - 앤트로픽),artifacts/bzcf_thumbnails/thumbs/061_가슴이 웅장해지는 (딥마인드 - 앤트로픽).jpg,https://www.youtube.com/watch?v=bTQM3oEW0gk
62,VgSWTMmCnHg,China's ridiculous development plan,artifacts/bzcf_thumbnails/thumbs/062_China's ridiculous development plan.jpg,https://www.youtube.com/watch?v=VgSWTMmCnHg
63,mGdYR0bQ5wc,나는 미래를 만드는 중 (일론 머스크),artifacts/bzcf_thumbnails/thumbs/063_나는 미래를 만드는 중 (일론 머스크).jpg,https://www.youtube.com/watch?v=mGdYR0bQ5wc
64,RfRkHHT-Zq0,정말요 (구글 딥마인드),artifacts/bzcf_thumbnails/thumbs/064_정말요 (구글 딥마인드).jpg,https://www.youtube.com/watch?v=RfRkHHT-Zq0
65,AdY5ZFN3ceM,현대는 로봇회사다,artifacts/bzcf_thumbnails/thumbs/065_현대는 로봇회사다.jpg,https://www.youtube.com/watch?v=AdY5ZFN3ceM
66,Kip-dvYIRrE,이스라엘이 개강한 이유,artifacts/bzcf_thumbnails/thumbs/066_이스라엘이 개강한 이유.jpg,https://www.youtube.com/watch?v=Kip-dvYIRrE
67,GBNBN4K-Osc,"""돈이 전부가 아니야"" (마이클 블룸버그)",artifacts/bzcf_thumbnails/thumbs/067_돈이 전부가 아니야 (마이클 블룸버그).jpg,https://www.youtube.com/watch?v=GBNBN4K-Osc
68,L2qDH6ovGo0,Virality is not the essence (Mr. Beast),artifacts/bzcf_thumbnails/thumbs/068_Virality is not the essence (Mr. Beast).jpg,https://www.youtube.com/watch?v=L2qDH6ovGo0
69,PLe30uUu6qs,민주주의는 망했다 (커티스 야빈),artifacts/bzcf_thumbnails/thumbs/069_민주주의는 망했다 (커티스 야빈).jpg,https://www.youtube.com/watch?v=PLe30uUu6qs
70,CxtehreILw0,Lee Kuan Yew's Thoughts,artifacts/bzcf_thumbnails/thumbs/070_Lee Kuan Yew's Thoughts.jpg,https://www.youtube.com/watch?v=CxtehreILw0
71,2z9JsnMDWHE,인공지능 시작도 안함 (구글 창업자),artifacts/bzcf_thumbnails/thumbs/071_인공지능 시작도 안함 (구글 창업자).jpg,https://www.youtube.com/watch?v=2z9JsnMDWHE
72,c_kFpt6bNZc,"Vice President Meta (Alexander Wang), born in 1997","artifacts/bzcf_thumbnails/thumbs/072_Vice President Meta (Alexander Wang), born in 1997.jpg",https://www.youtube.com/watch?v=c_kFpt6bNZc
73,iTypFtxogNQ,I Want to Run a Business Like an Artist (Interview with Notion's Founder),artifacts/bzcf_thumbnails/thumbs/073_I Want to Run a Business Like an Artist (Interview with Notion's Founder).jpg,https://www.youtube.com/watch?v=iTypFtxogNQ
74,NYgq7_FUJic,일론 머스크 최신대화 전체번역,artifacts/bzcf_thumbnails/thumbs/074_일론 머스크 최신대화 전체번역.jpg,https://www.youtube.com/watch?v=NYgq7_FUJic
75,Nr4wrWuxs9w,비트코인 입장 바꿨다 (블랙락),artifacts/bzcf_thumbnails/thumbs/075_비트코인 입장 바꿨다 (블랙락).jpg,https://www.youtube.com/watch?v=Nr4wrWuxs9w
76,aOc4i15yFxo,Korean Translation | Interview with Antropic CEO,artifacts/bzcf_thumbnails/thumbs/076_Korean Translation Interview with Antropic CEO.jpg,https://www.youtube.com/watch?v=aOc4i15yFxo
77,wacPYKwOCRc,급진적 풍요의 시대 (데미스 하사비스),artifacts/bzcf_thumbnails/thumbs/077_급진적 풍요의 시대 (데미스 하사비스).jpg,https://www.youtube.com/watch?v=wacPYKwOCRc
78,_3PagsvnMLA,97년생 미국 수퍼엘리트 (데카곤),artifacts/bzcf_thumbnails/thumbs/078_97년생 미국 수퍼엘리트 (데카곤).jpg,https://www.youtube.com/watch?v=_3PagsvnMLA
79,7WMuH8BmtvY,띵킹게임 (데미스 하사비스),artifacts/bzcf_thumbnails/thumbs/079_띵킹게임 (데미스 하사비스).jpg,https://www.youtube.com/watch?v=7WMuH8BmtvY
80,ifQqNMoEBqM,워렌버핏이 근본인 이유,artifacts/bzcf_thumbnails/thumbs/080_워렌버핏이 근본인 이유.jpg,https://www.youtube.com/watch?v=ifQqNMoEBqM
81,aAJ5ulsiWZo,이 영상 하나만 보세요 (젠슨 황),artifacts/bzcf_thumbnails/thumbs/081_이 영상 하나만 보세요 (젠슨 황).jpg,https://www.youtube.com/watch?v=aAJ5ulsiWZo
82,75XQmol2ksI,Humans will soon become gods (Neuralink),artifacts/bzcf_thumbnails/thumbs/082_Humans will soon become gods (Neuralink).jpg,https://www.youtube.com/watch?v=75XQmol2ksI
83,BdqenHB1fdw,비트코인 예측한 피터틸 (1999년),artifacts/bzcf_thumbnails/thumbs/083_비트코인 예측한 피터틸 (1999년).jpg,https://www.youtube.com/watch?v=BdqenHB1fdw
84,pbM0hIll9Gk,'진짜'들은 제미나이 쓴다. (구글),artifacts/bzcf_thumbnails/thumbs/084_'진짜'들은 제미나이 쓴다. (구글).jpg,https://www.youtube.com/watch?v=pbM0hIll9Gk
85,011Xq8qEwOs,실패를 통과하는 일 (박소령 퍼블리 창업자),artifacts/bzcf_thumbnails/thumbs/085_실패를 통과하는 일 (박소령 퍼블리 창업자).jpg,https://www.youtube.com/watch?v=011Xq8qEwOs
86,9KVxx7CLBxA,60억 투자받은 96년생 | 바카티오 지현준 대표,artifacts/bzcf_thumbnails/thumbs/086_60억 투자받은 96년생 바카티오 지현준 대표.jpg,https://www.youtube.com/watch?v=9KVxx7CLBxA
87,HjtKS6ISiTI,떡잎부터 달랐던 샘알트먼,artifacts/bzcf_thumbnails/thumbs/087_떡잎부터 달랐던 샘알트먼.jpg,https://www.youtube.com/watch?v=HjtKS6ISiTI
88,QvtOB8CLomc,'변하지 않는 것' (제프 베조스),artifacts/bzcf_thumbnails/thumbs/088_'변하지 않는 것' (제프 베조스).jpg,https://www.youtube.com/watch?v=QvtOB8CLomc
89,3fk5S_uzI7Y,엔비디아 창업 썰푼다 (젠슨황),artifacts/bzcf_thumbnails/thumbs/089_엔비디아 창업 썰푼다 (젠슨황).jpg,https://www.youtube.com/watch?v=3fk5S_uzI7Y
90,NfFFm49420Y,팔란티어 알렉스카프 1:1 인터뷰,artifacts/bzcf_thumbnails/thumbs/090_팔란티어 알렉스카프 1 1 인터뷰.jpg,https://www.youtube.com/watch?v=NfFFm49420Y
91,8N3MhUMDdI4,"""인간 모두가 패배자"" (제프리 힌튼)",artifacts/bzcf_thumbnails/thumbs/091_인간 모두가 패배자 (제프리 힌튼).jpg,https://www.youtube.com/watch?v=8N3MhUMDdI4
92,K6lrW4N93Pk,미국 다음 시대 .. (싱가포르 총리 로렌스 웡),artifacts/bzcf_thumbnails/thumbs/092_미국 다음 시대 .. (싱가포르 총리 로렌스 웡).jpg,https://www.youtube.com/watch?v=K6lrW4N93Pk
93,5uDhmuwlHoU,죽지 마세요 (브라이언 존슨),artifacts/bzcf_thumbnails/thumbs/093_죽지 마세요 (브라이언 존슨).jpg,https://www.youtube.com/watch?v=5uDhmuwlHoU
94,X7DhAAgsUHE,핸드폰 안합니다 (텔레그램 창업자),artifacts/bzcf_thumbnails/thumbs/094_핸드폰 안합니다 (텔레그램 창업자).jpg,https://www.youtube.com/watch?v=X7DhAAgsUHE
95,-tzXFnX92z8,타인의 욕망을 욕망한다 (피터 틸),artifacts/bzcf_thumbnails/thumbs/095_타인의 욕망을 욕망한다 (피터 틸).jpg,https://www.youtube.com/watch?v=-tzXFnX92z8
96,G3t1QxkfA8s,우리는 자유롭지 않다 (잭 도시),artifacts/bzcf_thumbnails/thumbs/096_우리는 자유롭지 않다 (잭 도시).jpg,https://www.youtube.com/watch?v=G3t1QxkfA8s
97,OqKCa7wlIDk,인바디 회장님 모셨습니다,artifacts/bzcf_thumbnails/thumbs/097_인바디 회장님 모셨습니다.jpg,https://www.youtube.com/watch?v=OqKCa7wlIDk
98,fd-bQUrQeAs,돈버는게 제일 쉬웠어요 (루시 구오),artifacts/bzcf_thumbnails/thumbs/098_돈버는게 제일 쉬웠어요 (루시 구오).jpg,https://www.youtube.com/watch?v=fd-bQUrQeAs
99,INwjjF4Uj34,텔레그램 창업자 (파벨 두로프),artifacts/bzcf_thumbnails/thumbs/099_텔레그램 창업자 (파벨 두로프).jpg,https://www.youtube.com/watch?v=INwjjF4Uj34
100,d3LKAUw1q4I,장기적 관점 (제프 베조스),artifacts/bzcf_thumbnails/thumbs/100_장기적 관점 (제프 베조스).jpg,https://www.youtube.com/watch?v=d3LKAUw1q4I
101,Ma74xdvZ5R8,돈보다 더 중요한 것 (텔레그램 창업자),artifacts/bzcf_thumbnails/thumbs/101_돈보다 더 중요한 것 (텔레그램 창업자).jpg,https://www.youtube.com/watch?v=Ma74xdvZ5R8
102,-lELIbg9R8Q,한글번역 | 일라이릴리 대표와 대화,artifacts/bzcf_thumbnails/thumbs/102_한글번역 일라이릴리 대표와 대화.jpg,https://www.youtube.com/watch?v=-lELIbg9R8Q
103,fpR-GJr8Rg0,지금이 마지막 (구글 딥마인드),artifacts/bzcf_thumbnails/thumbs/103_지금이 마지막 (구글 딥마인드).jpg,https://www.youtube.com/watch?v=fpR-GJr8Rg0
104,S5Irztv18tI,이건 안보면 손해 (제프 베조스),artifacts/bzcf_thumbnails/thumbs/104_이건 안보면 손해 (제프 베조스).jpg,https://www.youtube.com/watch?v=S5Irztv18tI
105,jmWUlJ1U5J0,자기 인생을 살자,artifacts/bzcf_thumbnails/thumbs/105_자기 인생을 살자.jpg,https://www.youtube.com/watch?v=jmWUlJ1U5J0
106,C7SlaUqCLZU,미국이 이겨야 합니다 (구글 전 대표),artifacts/bzcf_thumbnails/thumbs/106_미국이 이겨야 합니다 (구글 전 대표).jpg,https://www.youtube.com/watch?v=C7SlaUqCLZU
107,rw8zFLundR8,159억 투자 유치 20대 대표 (두들린 이태규 대표),artifacts/bzcf_thumbnails/thumbs/107_159억 투자 유치 20대 대표 (두들린 이태규 대표).jpg,https://www.youtube.com/watch?v=rw8zFLundR8
108,LG8P2mB-Zbk,인공지능 전문가 어딨냐 (코슬라),artifacts/bzcf_thumbnails/thumbs/108_인공지능 전문가 어딨냐 (코슬라).jpg,https://www.youtube.com/watch?v=LG8P2mB-Zbk
109,DhDQMkZfGUI,99년생 투자회사 대표 인터뷰,artifacts/bzcf_thumbnails/thumbs/109_99년생 투자회사 대표 인터뷰.jpg,https://www.youtube.com/watch?v=DhDQMkZfGUI
110,3TMnDCv4IN0,일론머스크 30분 전문번역,artifacts/bzcf_thumbnails/thumbs/110_일론머스크 30분 전문번역.jpg,https://www.youtube.com/watch?v=3TMnDCv4IN0
111,nvi_wl39Mx0,아침 5시에 일어나 (고긴스),artifacts/bzcf_thumbnails/thumbs/111_아침 5시에 일어나 (고긴스).jpg,https://www.youtube.com/watch?v=nvi_wl39Mx0
112,-m6qFP4Tk30,전문직 하지마,artifacts/bzcf_thumbnails/thumbs/112_전문직 하지마.jpg,https://www.youtube.com/watch?v=-m6qFP4Tk30
113,9OPTVHcXrqM,"나발과 대화, 귀하다","artifacts/bzcf_thumbnails/thumbs/113_나발과 대화, 귀하다.jpg",https://www.youtube.com/watch?v=9OPTVHcXrqM
114,LhOcio1Hrr8,비트코인 시간문제다 (발라지),artifacts/bzcf_thumbnails/thumbs/114_비트코인 시간문제다 (발라지).jpg,https://www.youtube.com/watch?v=LhOcio1Hrr8
115,1UiU3UWsOYw,주식 지금 고점임 (하워드막스),artifacts/bzcf_thumbnails/thumbs/115_주식 지금 고점임 (하워드막스).jpg,https://www.youtube.com/watch?v=1UiU3UWsOYw
116,2_owzZFLxp8,경제적 자유 (스콧 갤러웨이),artifacts/bzcf_thumbnails/thumbs/116_경제적 자유 (스콧 갤러웨이).jpg,https://www.youtube.com/watch?v=2_owzZFLxp8
117,Fj58zAEomy0,억대연봉 포기하고 창업한 이유 (클로브 도은욱 대표),artifacts/bzcf_thumbnails/thumbs/117_억대연봉 포기하고 창업한 이유 (클로브 도은욱 대표).jpg,https://www.youtube.com/watch?v=Fj58zAEomy0
118,ulGLviVsEl0,골드만삭스 부회장 : 일 잘하는 법,artifacts/bzcf_thumbnails/thumbs/118_골드만삭스 부회장 일 잘하는 법.jpg,https://www.youtube.com/watch?v=ulGLviVsEl0
119,4ZXmqJtNWyQ,완벽한 아침루틴 (앤드루 후버만),artifacts/bzcf_thumbnails/thumbs/119_완벽한 아침루틴 (앤드루 후버만).jpg,https://www.youtube.com/watch?v=4ZXmqJtNWyQ
120,0mol9CzZYw0,술담배 하지마 (트럼프),artifacts/bzcf_thumbnails/thumbs/120_술담배 하지마 (트럼프).jpg,https://www.youtube.com/watch?v=0mol9CzZYw0
121,a_N9ErN4PxE,트럼프 AI연설 전체번역,artifacts/bzcf_thumbnails/thumbs/121_트럼프 AI연설 전체번역.jpg,https://www.youtube.com/watch?v=a_N9ErN4PxE
122,ILXgqndC9O0,"더벤처스 김철우 대표님 초대석 (번개장터, 셀잇)","artifacts/bzcf_thumbnails/thumbs/122_더벤처스 김철우 대표님 초대석 (번개장터, 셀잇).jpg",https://www.youtube.com/watch?v=ILXgqndC9O0
123,VZdqLObuxL4,그러면 사업이 더 잘 됩니다,artifacts/bzcf_thumbnails/thumbs/123_그러면 사업이 더 잘 됩니다.jpg,https://www.youtube.com/watch?v=VZdqLObuxL4
124,vECs2lEOCUU,소프트웨어 3.0,artifacts/bzcf_thumbnails/thumbs/124_소프트웨어 3.0.jpg,https://www.youtube.com/watch?v=vECs2lEOCUU
125,5fgVLOlyLfw,눈뜨고 돈 빼앗기는 중 (마이클 세일러),artifacts/bzcf_thumbnails/thumbs/125_눈뜨고 돈 빼앗기는 중 (마이클 세일러).jpg,https://www.youtube.com/watch?v=5fgVLOlyLfw
126,kflvqZbh5yc,97년생 메타 인공지능 총괄,artifacts/bzcf_thumbnails/thumbs/126_97년생 메타 인공지능 총괄.jpg,https://www.youtube.com/watch?v=kflvqZbh5yc
127,x0R-_3xsJFs,하버드 교수가 말하는 행복,artifacts/bzcf_thumbnails/thumbs/127_하버드 교수가 말하는 행복.jpg,https://www.youtube.com/watch?v=x0R-_3xsJFs
128,z1Hg4H-LXZA,한글번역 | 뉴럴링크 2025년 공식발표,artifacts/bzcf_thumbnails/thumbs/128_한글번역 뉴럴링크 2025년 공식발표.jpg,https://www.youtube.com/watch?v=z1Hg4H-LXZA
129,k2VyqA9_H4I,토스 공동창업자 이태양 대표님 초대석,artifacts/bzcf_thumbnails/thumbs/129_토스 공동창업자 이태양 대표님 초대석.jpg,https://www.youtube.com/watch?v=k2VyqA9_H4I
130,G9F1bGrnx1Y,97년생 메타 총괄 (알렉산더 왕),artifacts/bzcf_thumbnails/thumbs/130_97년생 메타 총괄 (알렉산더 왕).jpg,https://www.youtube.com/watch?v=G9F1bGrnx1Y
131,TzjzUnyw0_U,중국 정말 너무 빠르다,artifacts/bzcf_thumbnails/thumbs/131_중국 정말 너무 빠르다.jpg,https://www.youtube.com/watch?v=TzjzUnyw0_U
132,G--iDYWeV2c,도파민 없는 SNS (레트로 창업자 풀인터뷰),artifacts/bzcf_thumbnails/thumbs/132_도파민 없는 SNS (레트로 창업자 풀인터뷰).jpg,https://www.youtube.com/watch?v=G--iDYWeV2c
133,CELKzueqEwA,수준 높은 미국청문회 (에릭슈미트 구글 전 대표),artifacts/bzcf_thumbnails/thumbs/133_수준 높은 미국청문회 (에릭슈미트 구글 전 대표).jpg,https://www.youtube.com/watch?v=CELKzueqEwA
134,ood8W_MXSqg,외국에서 보는 한국 저출산,artifacts/bzcf_thumbnails/thumbs/134_외국에서 보는 한국 저출산.jpg,https://www.youtube.com/watch?v=ood8W_MXSqg
135,wHjQlZA1-18,메타 + 마이크로소프트 CEO 대화 (라마콘 2025),artifacts/bzcf_thumbnails/thumbs/135_메타 + 마이크로소프트 CEO 대화 (라마콘 2025).jpg,https://www.youtube.com/watch?v=wHjQlZA1-18
136,XInSMjuxCAY,사람 바꾸려고 하지마 - 나발 라비칸트,artifacts/bzcf_thumbnails/thumbs/136_사람 바꾸려고 하지마 - 나발 라비칸트.jpg,https://www.youtube.com/watch?v=XInSMjuxCAY
137,c31aRSOfSaA,"피터틸 30분 전체번역 : 반골, 엘리트, 테크, 정치, 관세, 팔란티어, 벤처, 실리콘밸리","artifacts/bzcf_thumbnails/thumbs/137_피터틸 30분 전체번역 반골, 엘리트, 테크, 정치, 관세, 팔란티어, 벤처, 실리콘밸리.jpg",https://www.youtube.com/watch?v=c31aRSOfSaA
138,Tct5FaP8I5o,how to get rich (부자되는 법) - 나발,artifacts/bzcf_thumbnails/thumbs/138_how to get rich (부자되는 법) - 나발.jpg,https://www.youtube.com/watch?v=Tct5FaP8I5o
139,oK-Skn4v4Cs,로켓 AI회사 '커서(CURSOR)' 인터뷰,artifacts/bzcf_thumbnails/thumbs/139_로켓 AI회사 '커서(CURSOR)' 인터뷰.jpg,https://www.youtube.com/watch?v=oK-Skn4v4Cs
140,BoHKf6h_axU,"달러, 위안화, 비트코인","artifacts/bzcf_thumbnails/thumbs/140_달러, 위안화, 비트코인.jpg",https://www.youtube.com/watch?v=BoHKf6h_axU
141,-OSFl3YrC08,하워드 막스 회장 | 트럼프 관세 해설,artifacts/bzcf_thumbnails/thumbs/141_하워드 막스 회장 트럼프 관세 해설.jpg,https://www.youtube.com/watch?v=-OSFl3YrC08
142,ledUBXY7Vfo,생각좀 하면서 살자,artifacts/bzcf_thumbnails/thumbs/142_생각좀 하면서 살자.jpg,https://www.youtube.com/watch?v=ledUBXY7Vfo
143,R61qJ0ycRk4,팀 도지 총출동 (TEAM DOGE),artifacts/bzcf_thumbnails/thumbs/143_팀 도지 총출동 (TEAM DOGE).jpg,https://www.youtube.com/watch?v=R61qJ0ycRk4
144,CmA3jQaHKZo,"사람들이 놓치고 있는 거 : 의학, 드론, 비만 치료제","artifacts/bzcf_thumbnails/thumbs/144_사람들이 놓치고 있는 거 의학, 드론, 비만 치료제.jpg",https://www.youtube.com/watch?v=CmA3jQaHKZo
145,pXBx1cA2VaA,이런날도 있지 뭐,artifacts/bzcf_thumbnails/thumbs/145_이런날도 있지 뭐.jpg,https://www.youtube.com/watch?v=pXBx1cA2VaA
146,9k_RCgDsETA,나 자신으로 살아가기,artifacts/bzcf_thumbnails/thumbs/146_나 자신으로 살아가기.jpg,https://www.youtube.com/watch?v=9k_RCgDsETA
147,pplZlVSwZhA,우리는 프로그래밍 당하고 있다 (잭도시),artifacts/bzcf_thumbnails/thumbs/147_우리는 프로그래밍 당하고 있다 (잭도시).jpg,https://www.youtube.com/watch?v=pplZlVSwZhA
148,cIvsdpkWd1w,68개의 인생 조언 (WIRED 편집장 케빈켈리),artifacts/bzcf_thumbnails/thumbs/148_68개의 인생 조언 (WIRED 편집장 케빈켈리).jpg,https://www.youtube.com/watch?v=cIvsdpkWd1w
149,ng7YfntyuoU,"피터틸 올인 팟캐스트 인터뷰 | 인공지능, 대학, 미국, 미래, 기술, 혁신의 시작, 틸펠로십","artifacts/bzcf_thumbnails/thumbs/149_피터틸 올인 팟캐스트 인터뷰 인공지능, 대학, 미국, 미래, 기술, 혁신의 시작, 틸펠로십.jpg",https://www.youtube.com/watch?v=ng7YfntyuoU
150,ENc_9o73Rww,"캐시우드가 바라보는 세상 | 테슬라, 엔비디아, 딥시크, 바이오, 빅테크","artifacts/bzcf_thumbnails/thumbs/150_캐시우드가 바라보는 세상 테슬라, 엔비디아, 딥시크, 바이오, 빅테크.jpg",https://www.youtube.com/watch?v=ENc_9o73Rww
151,2A-qyVWHq7A,기술이 곧 권력이다 (알렉스카프 of Palantir),artifacts/bzcf_thumbnails/thumbs/151_기술이 곧 권력이다 (알렉스카프 of Palantir).jpg,https://www.youtube.com/watch?v=2A-qyVWHq7A
152,YEAJ9Ew4Tvk,돈줘도 못듣는 이야기들 (젠슨황 of NVIDIA),artifacts/bzcf_thumbnails/thumbs/152_돈줘도 못듣는 이야기들 (젠슨황 of NVIDIA).jpg,https://www.youtube.com/watch?v=YEAJ9Ew4Tvk
153,NSwqb56YQAY,서양을 왜 따라가야 합니까? (리콴유),artifacts/bzcf_thumbnails/thumbs/153_서양을 왜 따라가야 합니까 (리콴유).jpg,https://www.youtube.com/watch?v=NSwqb56YQAY
154,as1ZiGIzyJI,그냥 존재하기 | just exist bro,artifacts/bzcf_thumbnails/thumbs/154_그냥 존재하기 just exist bro.jpg,https://www.youtube.com/watch?v=as1ZiGIzyJI
155,g6QBIvYE4sc,안두릴 창업 이야기 (팔마 럭키),artifacts/bzcf_thumbnails/thumbs/155_안두릴 창업 이야기 (팔마 럭키).jpg,https://www.youtube.com/watch?v=g6QBIvYE4sc
156,-iNgdvXXaR0,일론의 5단계 법칙,artifacts/bzcf_thumbnails/thumbs/156_일론의 5단계 법칙.jpg,https://www.youtube.com/watch?v=-iNgdvXXaR0
157,f4a1TO4YRxE,알면 알수록 어려운 세상 (데이비드 도이치),artifacts/bzcf_thumbnails/thumbs/157_알면 알수록 어려운 세상 (데이비드 도이치).jpg,https://www.youtube.com/watch?v=f4a1TO4YRxE
158,gcVClKGgcA4,성공하는 자세 (짐도노반 of 골드만삭스),artifacts/bzcf_thumbnails/thumbs/158_성공하는 자세 (짐도노반 of 골드만삭스).jpg,https://www.youtube.com/watch?v=gcVClKGgcA4
159,Hu0UWWrIVnA,사업의 모든 것 (ㄷㄷ),artifacts/bzcf_thumbnails/thumbs/159_사업의 모든 것 (ㄷㄷ).jpg,https://www.youtube.com/watch?v=Hu0UWWrIVnA
160,fLYhSRGEVYI,아마존 창업자 10일전 인터뷰 (제프베조스),artifacts/bzcf_thumbnails/thumbs/160_아마존 창업자 10일전 인터뷰 (제프베조스).jpg,https://www.youtube.com/watch?v=fLYhSRGEVYI
161,J0IjKn1slU4,구글! 믿고 있었다구,artifacts/bzcf_thumbnails/thumbs/161_구글! 믿고 있었다구.jpg,https://www.youtube.com/watch?v=J0IjKn1slU4
162,UTUsmzI0jBA,샘알트먼 OpenAI 1주일전 인터뷰,artifacts/bzcf_thumbnails/thumbs/162_샘알트먼 OpenAI 1주일전 인터뷰.jpg,https://www.youtube.com/watch?v=UTUsmzI0jBA
163,7rZ3qFC-omc,인생11가지 조언,artifacts/bzcf_thumbnails/thumbs/163_인생11가지 조언.jpg,https://www.youtube.com/watch?v=7rZ3qFC-omc
164,pJ-zmU92xJk,실리콘밸리의 현자,artifacts/bzcf_thumbnails/thumbs/164_실리콘밸리의 현자.jpg,https://www.youtube.com/watch?v=pJ-zmU92xJk
165,q_pQtkumIVo,현시점 가장 주목받는 회사 (팔란티어),artifacts/bzcf_thumbnails/thumbs/165_현시점 가장 주목받는 회사 (팔란티어).jpg,https://www.youtube.com/watch?v=q_pQtkumIVo
166,OFNTyEdGkGQ,"일론머스크, 뉴럴링크, 매트릭스","artifacts/bzcf_thumbnails/thumbs/166_일론머스크, 뉴럴링크, 매트릭스.jpg",https://www.youtube.com/watch?v=OFNTyEdGkGQ
167,TdXr8oFvVZ4,일론 머스크 트럼프 조합,artifacts/bzcf_thumbnails/thumbs/167_일론 머스크 트럼프 조합.jpg,https://www.youtube.com/watch?v=TdXr8oFvVZ4
168,kY-JRxaRuh4,대표가 직접합니다 (에어비엔비),artifacts/bzcf_thumbnails/thumbs/168_대표가 직접합니다 (에어비엔비).jpg,https://www.youtube.com/watch?v=kY-JRxaRuh4
169,lE3PlPhjy-w,저걸 사람 혼자서 다해?,artifacts/bzcf_thumbnails/thumbs/169_저걸 사람 혼자서 다해.jpg,https://www.youtube.com/watch?v=lE3PlPhjy-w
170,w5BhMyT_GEk,사업은 이렇게 하는거다,artifacts/bzcf_thumbnails/thumbs/170_사업은 이렇게 하는거다.jpg,https://www.youtube.com/watch?v=w5BhMyT_GEk
171,cTV-pv4aI20,??? : 돈 더벌어서 뭐할래,artifacts/bzcf_thumbnails/thumbs/171_돈 더벌어서 뭐할래.jpg,https://www.youtube.com/watch?v=cTV-pv4aI20
172,D-y8d7ksfbA,앞으로 일할 방식,artifacts/bzcf_thumbnails/thumbs/172_앞으로 일할 방식.jpg,https://www.youtube.com/watch?v=D-y8d7ksfbA
173,Omh2mOj2p3U,더 높은 수준 (릭 루빈),artifacts/bzcf_thumbnails/thumbs/173_더 높은 수준 (릭 루빈).jpg,https://www.youtube.com/watch?v=Omh2mOj2p3U
174,ZC1z2YTVvhg,구글 전 대표의 한 마디,artifacts/bzcf_thumbnails/thumbs/174_구글 전 대표의 한 마디.jpg,https://www.youtube.com/watch?v=ZC1z2YTVvhg
175,3VVA47ymfJc,정해진 대로 사세요 (피터틸),artifacts/bzcf_thumbnails/thumbs/175_정해진 대로 사세요 (피터틸).jpg,https://www.youtube.com/watch?v=3VVA47ymfJc
176,y2a3lLjjTGI,삶은 유한하니까.. (랜디 포시 교수),artifacts/bzcf_thumbnails/thumbs/176_삶은 유한하니까.. (랜디 포시 교수).jpg,https://www.youtube.com/watch?v=y2a3lLjjTGI
177,j6kVvvJN6TY,머스크의 인공지능 회사 (xAI),artifacts/bzcf_thumbnails/thumbs/177_머스크의 인공지능 회사 (xAI).jpg,https://www.youtube.com/watch?v=j6kVvvJN6TY
178,RVIVimZYh1s,찰리멍거 : 현대차는 ...,artifacts/bzcf_thumbnails/thumbs/178_찰리멍거 현대차는.jpg,https://www.youtube.com/watch?v=RVIVimZYh1s
179,TmUhCIMUy20,사업하는 법 (샘 알트먼),artifacts/bzcf_thumbnails/thumbs/179_사업하는 법 (샘 알트먼).jpg,https://www.youtube.com/watch?v=TmUhCIMUy20
180,wTNqVuecpy0,뉴럴링크 최신발표 (일론머스크),artifacts/bzcf_thumbnails/thumbs/180_뉴럴링크 최신발표 (일론머스크).jpg,https://www.youtube.com/watch?v=wTNqVuecpy0
181,b0NzgO1zCSU,"인공지능, 버블인가? (Coatue)","artifacts/bzcf_thumbnails/thumbs/181_인공지능, 버블인가 (Coatue).jpg",https://www.youtube.com/watch?v=b0NzgO1zCSU
182,t8v0cHn_LRc,로저 페더러 다트머스 졸업연설,artifacts/bzcf_thumbnails/thumbs/182_로저 페더러 다트머스 졸업연설.jpg,https://www.youtube.com/watch?v=t8v0cHn_LRc
183,O5vFGHRbiFE,젠슨황 칼텍 졸업연설,artifacts/bzcf_thumbnails/thumbs/183_젠슨황 칼텍 졸업연설.jpg,https://www.youtube.com/watch?v=O5vFGHRbiFE
184,MZsp0L5ITGU,일론 머스크 전설의 인터뷰 (2009),artifacts/bzcf_thumbnails/thumbs/184_일론 머스크 전설의 인터뷰 (2009).jpg,https://www.youtube.com/watch?v=MZsp0L5ITGU
185,gvNTPi2ibDQ,수준이 정말 높다,artifacts/bzcf_thumbnails/thumbs/185_수준이 정말 높다.jpg,https://www.youtube.com/watch?v=gvNTPi2ibDQ
186,w8OT1nbuhMI,JP모건체이스 제이미다이먼 단독 인터뷰,artifacts/bzcf_thumbnails/thumbs/186_JP모건체이스 제이미다이먼 단독 인터뷰.jpg,https://www.youtube.com/watch?v=w8OT1nbuhMI
187,rJKSY4UJCn4,인공지능 발전의 진짜 병목 (마크 저커버그),artifacts/bzcf_thumbnails/thumbs/187_인공지능 발전의 진짜 병목 (마크 저커버그).jpg,https://www.youtube.com/watch?v=rJKSY4UJCn4
188,jfzlQOzn0wY,찰리멍거 촌철살인 모음 (버크셔해서웨이 주주총회),artifacts/bzcf_thumbnails/thumbs/188_찰리멍거 촌철살인 모음 (버크셔해서웨이 주주총회).jpg,https://www.youtube.com/watch?v=jfzlQOzn0wY
189,QtM9UDyf6cQ,사람들이 더 똑똑해질 수 있게 (노션 창업자 인터뷰),artifacts/bzcf_thumbnails/thumbs/189_사람들이 더 똑똑해질 수 있게 (노션 창업자 인터뷰).jpg,https://www.youtube.com/watch?v=QtM9UDyf6cQ
190,fMpHU6saK3I,일론 머스크와 일한 반도체 전설 (짐 켈러),artifacts/bzcf_thumbnails/thumbs/190_일론 머스크와 일한 반도체 전설 (짐 켈러).jpg,https://www.youtube.com/watch?v=fMpHU6saK3I
191,Sidh1GV1uG4,"일론머스크 2주전 최신 인터뷰 (인공지능, 자율주행, 전력, 에너지)","artifacts/bzcf_thumbnails/thumbs/191_일론머스크 2주전 최신 인터뷰 (인공지능, 자율주행, 전력, 에너지).jpg",https://www.youtube.com/watch?v=Sidh1GV1uG4
192,iwXr1IRaqWA,일류와 이류의 차이 (반도체 전설 짐켈러),artifacts/bzcf_thumbnails/thumbs/192_일류와 이류의 차이 (반도체 전설 짐켈러).jpg,https://www.youtube.com/watch?v=iwXr1IRaqWA
193,2fbqtTTWc9o,14살 중학생에게 주는 조언 (엔비디아 창업자 젠슨 황),artifacts/bzcf_thumbnails/thumbs/193_14살 중학생에게 주는 조언 (엔비디아 창업자 젠슨 황).jpg,https://www.youtube.com/watch?v=2fbqtTTWc9o
194,Z-aj2AYIJWY,일론 머스크의 채용 방식 (트위터 대량 해고),artifacts/bzcf_thumbnails/thumbs/194_일론 머스크의 채용 방식 (트위터 대량 해고).jpg,https://www.youtube.com/watch?v=Z-aj2AYIJWY
195,oCEqp0b-WXM,일론머스크 샘알트먼 두 천재의 대화,artifacts/bzcf_thumbnails/thumbs/195_일론머스크 샘알트먼 두 천재의 대화.jpg,https://www.youtube.com/watch?v=oCEqp0b-WXM
196,7FzZhPguB-o,억만장자의 하루 그리고 아마존의 미팅 방법,artifacts/bzcf_thumbnails/thumbs/196_억만장자의 하루 그리고 아마존의 미팅 방법.jpg,https://www.youtube.com/watch?v=7FzZhPguB-o
197,gYpiT0dXhvA,5000만 뷰 대명작 강의 - 미루는 사람들의 뇌구조 (팀 어번),artifacts/bzcf_thumbnails/thumbs/197_5000만 뷰 대명작 강의 - 미루는 사람들의 뇌구조 (팀 어번).jpg,https://www.youtube.com/watch?v=gYpiT0dXhvA
198,NIDICT3K_Ug,16년 전에도 똑같았습니다 (일론 머스크),artifacts/bzcf_thumbnails/thumbs/198_16년 전에도 똑같았습니다 (일론 머스크).jpg,https://www.youtube.com/watch?v=NIDICT3K_Ug
199,mP5SYrK4fMQ,1800만 뷰 대명작 강의 - 왜 해야하는가? (개정번역) (사이먼 시넥),artifacts/bzcf_thumbnails/thumbs/199_1800만 뷰 대명작 강의 - 왜 해야하는가 (개정번역) (사이먼 시넥).jpg,https://www.youtube.com/watch?v=mP5SYrK4fMQ
200,KQK7G8EiSqM,찰리멍거 마지막 인터뷰,artifacts/bzcf_thumbnails/thumbs/200_찰리멍거 마지막 인터뷰.jpg,https://www.youtube.com/watch?v=KQK7G8EiSqM
201,LUnDs988vEc,스티브잡스 옆에서 일하며 배운 10가지,artifacts/bzcf_thumbnails/thumbs/201_스티브잡스 옆에서 일하며 배운 10가지.jpg,https://www.youtube.com/watch?v=LUnDs988vEc
202,5qWkACrxjfQ,MZ세대의 4가지 문제점 (사이먼 시넥),artifacts/bzcf_thumbnails/thumbs/202_MZ세대의 4가지 문제점 (사이먼 시넥).jpg,https://www.youtube.com/watch?v=5qWkACrxjfQ
203,iKiFrIUDVcA,그리고 살아남는 법 (짐 도노반),artifacts/bzcf_thumbnails/thumbs/203_그리고 살아남는 법 (짐 도노반).jpg,https://www.youtube.com/watch?v=iKiFrIUDVcA
204,vZSzdDOKq4o,버크셔 부회장 찰리멍거의 사고모델,artifacts/bzcf_thumbnails/thumbs/204_버크셔 부회장 찰리멍거의 사고모델.jpg,https://www.youtube.com/watch?v=vZSzdDOKq4o
205,nSQudySPmW4,그러니까 이것저것 다 시도해보세요 (인생강의),artifacts/bzcf_thumbnails/thumbs/205_그러니까 이것저것 다 시도해보세요 (인생강의).jpg,https://www.youtube.com/watch?v=nSQudySPmW4
206,2swkdCdkfz0,뉴욕타임즈 30년 경력기자가 말해주는 글 잘 쓰는 법,artifacts/bzcf_thumbnails/thumbs/206_뉴욕타임즈 30년 경력기자가 말해주는 글 잘 쓰는 법.jpg,https://www.youtube.com/watch?v=2swkdCdkfz0
207,73asqjYC8WY,위대한 성과를 만든 사람들의 공통점 (원제 : You and Your Research),artifacts/bzcf_thumbnails/thumbs/207_위대한 성과를 만든 사람들의 공통점 (원제 You and Your Research).jpg,https://www.youtube.com/watch?v=73asqjYC8WY
208,Si7WfBeX5OY,바쁘게 산다고 성공하는 것 아닙니다 (샘 알트먼),artifacts/bzcf_thumbnails/thumbs/208_바쁘게 산다고 성공하는 것 아닙니다 (샘 알트먼).jpg,https://www.youtube.com/watch?v=Si7WfBeX5OY
209,CmAAaMiNfjE,"1조에 회사를 매각한 사업가, 더 행복해졌을까?","artifacts/bzcf_thumbnails/thumbs/209_1조에 회사를 매각한 사업가, 더 행복해졌을까.jpg",https://www.youtube.com/watch?v=CmAAaMiNfjE
210,VzLlT3HXf5M,골드만삭스 짐 도노반 부회장 | 성과를 만드는 10계명 (Feat. 250만뷰 인생강의),artifacts/bzcf_thumbnails/thumbs/210_골드만삭스 짐 도노반 부회장 성과를 만드는 10계명 (Feat. 250만뷰 인생강의).jpg,https://www.youtube.com/watch?v=VzLlT3HXf5M
211,Nt0lCENkiK0,일론머스크가 생각하는 방법 | 1원칙 사고법,artifacts/bzcf_thumbnails/thumbs/211_일론머스크가 생각하는 방법 1원칙 사고법.jpg,https://www.youtube.com/watch?v=Nt0lCENkiK0
212,DWlPgRy0G90,롤렉스가 왜 필요합니까?,artifacts/bzcf_thumbnails/thumbs/212_롤렉스가 왜 필요합니까.jpg,https://www.youtube.com/watch?v=DWlPgRy0G90
213,xw7dKmIoFvo,일론 머스크 최신 인터뷰 | 생각의 수준이 다르다 (Part 2),artifacts/bzcf_thumbnails/thumbs/213_일론 머스크 최신 인터뷰 생각의 수준이 다르다 (Part 2).jpg,https://www.youtube.com/watch?v=xw7dKmIoFvo
214,NG8UPFr2FEo,20년 동안 100배 성장한 사모펀드 | 성공하고 싶은 20대에게 주는 4가지 조언 | Alpine Investors 창업자 그래햄 위버,artifacts/bzcf_thumbnails/thumbs/214_20년 동안 100배 성장한 사모펀드 성공하고 싶은 20대에게 주는 4가지 조언 Alpine Investors 창업자 그래햄 위버.jpg,https://www.youtube.com/watch?v=NG8UPFr2FEo
215,iZ578Py8WLo,KKR | 세계 최고 사모펀드의 아시아계 CEO 조셉 배,artifacts/bzcf_thumbnails/thumbs/215_KKR 세계 최고 사모펀드의 아시아계 CEO 조셉 배.jpg,https://www.youtube.com/watch?v=iZ578Py8WLo
216,ARm46hlRtCA,찰리멍거 | 훌륭한 삶을 살기 위한 현명한 투자자의 조언,artifacts/bzcf_thumbnails/thumbs/216_찰리멍거 훌륭한 삶을 살기 위한 현명한 투자자의 조언.jpg,https://www.youtube.com/watch?v=ARm46hlRtCA
217,zAcl1fVKkoU,"워렌버핏 | 아무리 많은 사람이 떠들어도, 결국 본질은 하나","artifacts/bzcf_thumbnails/thumbs/217_워렌버핏 아무리 많은 사람이 떠들어도, 결국 본질은 하나.jpg",https://www.youtube.com/watch?v=zAcl1fVKkoU
218,gSSzeMPpU3c,버크셔헤서웨이 2023 주주총회 | 2023년에 남기는 삶의 조언들,artifacts/bzcf_thumbnails/thumbs/218_버크셔헤서웨이 2023 주주총회 2023년에 남기는 삶의 조언들.jpg,https://www.youtube.com/watch?v=gSSzeMPpU3c
219,efgIt8MxZ4c,찰리 멍거 | 인생을 살아가는 데 도움이 되는 몇 가지 조언들,artifacts/bzcf_thumbnails/thumbs/219_찰리 멍거 인생을 살아가는 데 도움이 되는 몇 가지 조언들.jpg,https://www.youtube.com/watch?v=efgIt8MxZ4c
220,FdkTL-fJ65k,테슬라 CEO 일론머스크와 엔비디아 CEO 젠슨황의 대화 | 거인들의 통찰 | Tesla CEO Elon Musk with NVIDIA CEO Jen Hsun Huang,artifacts/bzcf_thumbnails/thumbs/220_테슬라 CEO 일론머스크와 엔비디아 CEO 젠슨황의 대화 거인들의 통찰 Tesla CEO Elon Musk with NVIDIA CEO Jen Hsun Huang.jpg,https://www.youtube.com/watch?v=FdkTL-fJ65k
